X.RIC,type,primary_id,suffix_id,series_description,first_traded,first_notice,expires,settle_date,expiration_detail,underlying_RIC
AEXF0,future_series,AEX,F0,AEX FUT JAN0,1999-01-18,,2010-01-15,2010-01-16,21-JAN-2000->15-JAN-2010,.AEX
AEXG0,future_series,AEX,G0,AEX FUT FEB0,1999-11-23,,2010-02-19,2010-02-20,18-FEB-2000->19-FEB-2010,.AEX
AEXH0,future_series,AEX,H0,AEX FUT MAR0,1999-12-17,,2010-03-19,2010-03-20,17-MAR-2000->19-MAR-2010,.AEX
AEXJ0,future_series,AEX,J0,AEX FUT APR0,1999-04-17,,2010-04-16,2010-04-17,21-APR-2001->21-APR-2000->20-APR-2000->16-APR-2010,.AEX
AEXK0,future_series,AEX,K0,AEX FUT MAY0,2000-01-24,,2010-05-21,2010-05-22,19-MAY-2000->21-MAY-2010,.AEX
AEXM0,future_series,AEX,M0,AEX FUT JUN0,2000-03-19,,2010-06-18,2010-06-19,16-JUN-2000->18-JUN-2010,.AEX
AEXN0,future_series,AEX,N0,AEX FUT JUL0,1999-07-17,,2010-07-16,2010-07-17,21-JUL-2000->16-JUL-2010,.AEX
AEXQ0,future_series,AEX,Q0,AEX FUT AUG0,2000-05-19,,2010-08-20,2010-08-21,18-AUG-2000->20-AUG-2010,.AEX
AEXU0,future_series,AEX,U0,AEX FUT SEP0,2000-06-19,,2010-09-17,2010-09-18,15-SEP-2000->17-SEP-2010,.AEX
AEXV0,future_series,AEX,V0,AEX FUT OCT0,1999-10-18,,2010-10-15,2010-10-16,20-OCT-2000->15-OCT-2010,.AEX
AEXX0,future_series,AEX,X0,AEX FUT NOV0,2000-08-18,,2010-11-19,2010-11-20,17-NOV-2000->19-NOV-2010,.AEX
AEXZ0,future_series,AEX,Z0,AEX FUT DEC0,1999-11-22,,2010-12-17,2010-12-18,15-DEC-2000->17-DEC-2010,.AEX
AUBH0,future_series,AUB,H0,ULTRA BOND MAR0,2009-12-21, ,2010-03-22,2010-04-03,22-MAR-2010,
AUBM0,future_series,AUB,M0,ULTRA BOND JUN0,2009-12-21,,2010-06-21,2010-06-26,21-JUN-2010,
AUBU0,future_series,AUB,U0,ULTRA BOND SEP0,2009-12-21,,2010-09-21,2010-09-25,21-SEP-2010,
AUBZ0,future_series,AUB,Z0,ULTRA BOND DEC0,2010-03-23,,2010-12-21,2010-12-25,21-DEC-2010,
BL2F0,future_series,BL2,F0,M.WHEAT FRF JAN0->M.WHEAT EUR JAN0,1998-09-14,,2010-01-11,2010-01-16,10-JAN-2000->11-JAN-2010,
BL2H0,future_series,BL2,H0,M.WHEAT FRF MAR0->M.WHEAT EUR MAR0,1998-11-12,,2010-03-10,2010-03-13,10-MAR-2000->10-MAR-2010,
BL2K0,future_series,BL2,K0,M.WHEAT EUR MAY0,1999-01-12,,2010-05-10,2010-05-15,10-MAY-2000->10-MAY-2010,
BL2Q0,future_series,BL2,Q0,M.WHEAT EUR AUG0->M.WHEATEU AUG0,2009-01-13,,2010-08-10,2010-08-14,10-AUG-2010,
BL2X0,future_series,BL2,X0,M.WHEAT EUR NOV0->M.WHEATEU NOV0,1999-05-11,,2010-11-10,2010-11-13,10-NOV-2000->10-NOV-2010,
CCH0,future_series,CC,H0,COCOA Mar0->ICE COCOA MAR0,1998-03-17,,2010-03-16,2010-03-20,16-MAR-2000->16-MAR-2010,
CCK0,future_series,CC,K0,COCOA May0->ICE COCOA MAY0,1998-05-14,,2010-05-13,2010-05-15,15-MAY-2000->13-MAY-2010,
CCN0,future_series,CC,N0,COCOA Jul0->ICE COCOA JUL0,1998-07-17,,2010-07-15,2010-07-17,14-JUL-2000->15-JUL-2010,
CCU0,future_series,CC,U0,COCOA Sep0->ICE COCOA SEP0,1998-09-16,,2010-09-15,2010-09-18,14-SEP-2000->15-SEP-2010,
CCZ0,future_series,CC,Z0,COCOA Dec0->ICE COCOA DEC0,1998-12-16,,2010-12-15,2010-12-18,13-DEC-2000->15-DEC-2010,
CGBH0,future_series,CGB,H0,10 YR BOND Mar0->CA 10YR BND MAR0,1999-03-23,,2010-03-22,2010-03-27,22-MAR-2000->22-MAR-2010,
CGBM0,future_series,CGB,M0,10 YR BOND Jun0->CA 10YR BND JUN0,1999-08-26,,2010-06-21,2010-06-26,21-JUN-2000->21-JUN-2010,
CGBU0,future_series,CGB,U0,10 YR BOND Sep0->CA 10YR BND SEP0,1999-06-22,,2010-09-21,2010-09-25,20-SEP-2000->21-SEP-2010,
CGBZ0,future_series,CGB,Z0,10 YR BOND Dec0->CA 10YR BND DEC0,1999-12-21,,2010-12-24,2010-12-25,19-DEC-2000->15-DEC-2000->22-DEC-2010->20-DEC-2010,
CLF0,future_series,CL,F0,LIGHT CRUDE Jan0->LIGHT CRUDE JAN0,1997-08-21,,2009-12-21,2009-12-26,->21-DEC-1999->20-DEC-1999->21-DEC-2009->22-DEC-2009->21-DEC-2009,
CLG0,future_series,CL,G0,LIGHT CRUDE Feb0->LIGHT CRUDE FEB0,1997-08-21,,2010-01-20,2010-01-23,20-JAN-2000->20-JAN-2010,
CLH0,future_series,CL,H0,LIGHT CRUDE Mar0->LIGHT CRUDE MAR0,1997-08-21,,2010-02-22,2010-02-27,22-FEB-2000->22-FEB-2010,
CLJ0,future_series,CL,J0,LIGHT CRUDE Apr0->LIGHT CRUDE APR0,1997-11-21,,2010-02-22,2010-03-27,21-MAR-2000->22-MAR-2010,
CLK0,future_series,CL,K0,LIGHT CRUDE May0->LIGHT CRUDE MAY0,1997-11-21,,2010-04-20,2010-04-24,19-APR-2000->20-APR-2010,
CLM0,future_series,CL,M0,LIGHT CRUDE Jun0->LIGHT CRUDE JUN0,1997-05-21,,2010-05-20,2010-05-22,22-MAY-2000->20-MAY-2010,
CLN0,future_series,CL,N0,LIGHT CRUDE Jul0->LIGHT CRUDE JUL0,1998-02-21,,2010-06-22,2010-06-26,20-JUN-2000->22-JUN-2010,
CLQ0,future_series,CL,Q0,LIGHT CRUDE Aug0->LIGHT CRUDE AUG0,1998-02-21,,2010-07-20,2010-07-24,20-JUL-2000->20-JUL-2010,
CLU0,future_series,CL,U0,LIGHT CRUDE Sep0->LIGHT CRUDE SEP0,1998-02-21,,2010-08-20,2010-08-21,22-AUG-2000->20-AUG-2010,
CLV0,future_series,CL,V0,LIGHT CRUDE Oct0->LIGHT CRUDE OCT0,1998-05-20,,2010-09-21,2010-09-25,20-SEP-2000->21-SEP-2010,
CLX0,future_series,CL,X0,LIGHT CRUDE Nov0->LIGHT CRUDE NOV0,1998-05-20,,2010-10-20,2010-10-23,20-OCT-2000->20-OCT-2010,
CLZ0,future_series,CL,Z0,LIGHT CRUDE Dec0->LIGHT CRUDE DEC0,1996-01-02,,2010-11-19,2010-11-20,->19-NOV-2010->22-NOV-2010->19-NOV-2010->22-NOV-2010->19-NOV-2010,
CTH0,future_series,CT,H0,COTTON NO 2 Mar0->CE91 MR10->ICE COT 2 MAR0,1998-03-10,,2010-02-09,2010-03-13,09-MAR-2000->09-MAR-2010,
CTK0,future_series,CT,K0,COTTON NO 2 May0->ICE COT 2 MAY0,1998-05-07,,2010-05-06,2010-05-08,08-MAY-2000->06-MAY-2010,
CTN0,future_series,CT,N0,COTTON NO 2 Jul0->ICE COT 2 JUL0,1998-07-10,,2010-07-08,2010-07-10,07-JUL-2000->08-JUL-2010,
CTV0,future_series,CT,V0,COTTON NO 2 Oct0->ICE COT 2 OCT0,1998-08-08,,2010-10-07,2010-10-09,09-OCT-2000->07-OCT-2010,
CTZ0,future_series,CT,Z0,COTTON NO 2 Dec0->ICE COT 2 DEC0,1998-09-10,,2010-12-08,2010-12-11,06-DEC-2000->08-DEC-2010,
DMH0,future_series,DM,H0,DEUTSCHE MK Mar0->MIDC E-MINI MAR0,1998-09-15,,2010-03-19,2010-03-28,13-MAR-2000->19-MAR-2010,.IDX
DMM0,future_series,DM,M0,DEUTSCHE MK Jun0->MIDC E-MINI JUN0,1999-11-29,,2010-06-18,2010-06-19,19-JUN-2000->18-JUN-2010,.IDX
DMU0,future_series,DM,U0,DEUTSCHE MK Sep0->MIDC E-MINI SEP0,1999-12-14,,2010-09-17,2010-09-18,18-SEP-2000->17-SEP-2010,.IDX
DMZ0,future_series,DM,Z0,DEUTSCHE MK Dec0->MIDC E-MINI DEC0,2000-03-14,,2010-12-17,2010-12-18,18-DEC-2000->17-DEC-2010,.IDX
DXH0,future_series,DX,H0,FINEX INDEX Mar0->ICE DOLIDX MAR0,1998-12-17,,2010-03-15,2010-03-20,15-MAR-2000->15-MAR-2010,.DXY
DXM0,future_series,DX,M0,FINEX INDEX Jun0->ICE DOLIDX JUN0,1999-03-18,,2010-06-14,2010-06-19,21-JUN-2000->14-JUN-2010,.DXY
DXU0,future_series,DX,U0,FINEX INDEX Sep0->ICE DOLIDX SEP0,1999-06-17,,2010-09-13,2010-09-18,20-SEP-2000->13-SEP-2010,.DXY
DXZ0,future_series,DX,Z0,FINEX INDEX Dec0->ICE DOLIDX DEC0,1999-09-16,,2010-12-13,2010-12-18,20-DEC-2000->13-DEC-2010,.DXY
EDF0,future_series,ED,F0,3-MTH EURO$ Jan0->3-MTH EURO$ JAN0,1999-07-19,,2010-01-18,2010-01-23,13-JAN-2000->17-JAN-2000->15-JAN-2010->18-JAN-2010,USD3MFSR=
EDG0,future_series,ED,G0,3-MTH EURO$ Feb0->3-MTH EURO$ FEB0,1999-08-14,,2010-02-15,2010-02-20,14-FEB-2000->15-FEB-2010,USD3MFSR=
EDH0,future_series,ED,H0,3-MTH EURO$ Mar0->3-MTH EURO$ MAR0->3M EURO$ MAR0,1996-01-02,,2011-06-16,2011-06-16,13-MAR-2000->14-MAR-2010->16-MAR-2010->15-MAR-2010->16-MAR-2020,LIUSD3MD=->USD3MFSR=
EDJ0,future_series,ED,J0,3-MTH EURO$ Apr0->3-MTH EURO$ APR0,1999-10-16,,2010-04-19,2010-05-08,17-APR-2000->19-APR-2010,USD3MFSR=
EDK0,future_series,ED,K0,3-MTH EURO$ May0->3-MTH EURO$ MAY0,1999-11-13,,2010-05-17,2010-05-22,15-MAY-2000->17-MAY-2010,USD3MFSR=
EDM0,future_series,ED,M0,3-MTH EURO$ Jun0->3-MTH EURO$ JUN0->3M EURO$ JUN0,1996-01-02,,2011-06-15,2011-06-15,->12-JUN-2000->19-JUN-2000->15-JUN-2010->14-JUN-2010->15-JUN-2020,LIUSD3MD=->USD3MFSR=
EDN0,future_series,ED,N0,3-MTH EURO$ Jul0->3-MTH EURO$ JUL0->3M EURO$ JUL0,2000-01-18,,2010-07-19,2010-07-24,17-JUL-2000->19-JUL-2010,USD3MFSR=
EDQ0,future_series,ED,Q0,3-MTH EURO$ Aug0->3-MTH EURO$ AUG0->3M EURO$ AUG0,2000-02-12,,2010-08-16,2010-08-21,14-AUG-2000->16-AUG-2010,USD3MFSR=
EDU0,future_series,ED,U0,3-MTH EURO$ Sep0->3-MTH EURO$ SEP0->3M EURO$ SEP0,1996-01-02,,2011-09-14,2011-09-14,18-SEP-2000->14-SEP-2010->13-SEP-2010->14-SEP-2020,LIUSD3MD=->USD3MFSR=
EDV0,future_series,ED,V0,3-MTH EURO$ Oct0->3-MTH EURO$ OCT0->3M EURO$ OCT0,2000-04-15,,2010-10-18,2010-10-23,16-OCT-2000->18-OCT-2010,USD3MFSR=
EDX0,future_series,ED,X0,3-MTH EURO$ Nov0->3-MTH EURO$ NOV0->3M EURO$ NOV0,2000-05-13,,2010-11-19,2010-11-20,13-NOV-2000->15-NOV-2010,USD3MFSR=
EDZ0,future_series,ED,Z0,3-MTH EURO$ Dec0->3-MTH EURO$ DEC0->3M EURO$ DEC0,1996-01-01,,2011-12-14,2011-12-14,18-DEC-2000->14-DEC-2010->13-DEC-2010->14-DEC-2020,LIUSD3MD=->USD3MFSR=
EMXH0,future_series,EMX,H0,EMINI EMI MAR0,2009-09-18,,2010-03-19,2010-03-28,19-MAR-2010,.EMS
EMXM0,future_series,EMX,M0,EMINI EMI JUN0,2009-12-19,,2010-06-18,2010-06-19,18-JUN-2010,.EMS
EMXU0,future_series,EMX,U0,EMINI EMI SEP0,2010-02-08,,2010-09-17,2010-09-18,17-SEP-2010,.EMS
EMXZ0,future_series,EMX,Z0,EMINI EMI DEC0,2010-02-08,,2010-12-17,2010-12-18,17-DEC-2010,.EMS
ESH0,future_series,ES,H0,E-MINI S&P Mar0->E-MINI S&P MAR0,1999-09-17,,2010-03-19,2010-03-28,17-MAR-2000->19-MAR-2010->18-MAR-2010->19-MAR-2010,.SPX->.INX->.SPX->.INX
ESM0,future_series,ES,M0,E-MINI S&P Jun0->E-MINI S&P JUN0,1999-12-17,,2010-06-18,2010-06-19,16-JUN-2000->18-JUN-2010,.SPX->.INX
ESU0,future_series,ES,U0,E-MINI S&P Sep0->E-MINI S&P SEP0->EMINI S&P SEP0,2000-03-18,,2010-09-17,2010-09-18,15-SEP-2000->17-SEP-2010,.SPX->.INX
ESZ0,future_series,ES,Z0,E-MINI S&P Dec0->E-MINI S&P DEC0->EMINI S&P DEC0,2000-06-16,,2010-12-17,2010-12-18,15-DEC-2000->17-DEC-2010,.INX
FBTPH0,future_series,FBTP,H0,EURO-BTP MAR0->BTP 6% MAR0,2009-09-01,,2010-03-08,2010-03-13,08-MAR-2010,
FBTPM0,future_series,FBTP,M0,BTP 6% JUN0,2009-09-08,,2010-06-08,2010-06-12,08-JUN-2010,
FBTPU0,future_series,FBTP,U0,BTP 6% SEP0,2009-12-08,,2010-09-08,2010-09-18,08-SEP-2010,
FBTPZ0,future_series,FBTP,Z0,BTP 6% DEC0,2010-03-08,,2010-12-08,2010-12-11,08-DEC-2010,
FCF0,future_series,FC,F0,FDR CATTLE Jan0->FDR CATTLE JAN0,1999-01-29,,2010-01-28,2010-01-30,27-JAN-2000->28-JAN-2010,
FCH0,future_series,FC,H0,FDR CATTLE Mar0->FDR CATTLE MAR0,1999-03-26,,2010-03-25,2010-03-28,30-MAR-2000->25-MAR-2010,
FCJ0,future_series,FC,J0,FDR CATTLE Apr0->FDR CATTLE APR0,1999-04-30,,2010-04-29,2010-05-08,27-APR-2000->20-APR-2000->29-APR-2010,
FCK0,future_series,FC,K0,FDR CATTLE May0->FDR CATTLE MAY0,1999-05-28,,2010-05-27,2010-05-29,25-MAY-2000->27-MAY-2010,
FCQ0,future_series,FC,Q0,FDR CATTLE Aug0->FDR CATTLE AUG0,1999-08-27,,2010-08-26,2010-08-28,31-AUG-2000->26-AUG-2010,
FCU0,future_series,FC,U0,FDR CATTLE Sep0->FDR CATTLE SEP0,1999-10-01,,2010-09-30,2010-10-02,28-SEP-2000->30-SEP-2010,
FCV0,future_series,FC,V0,FDR CATTLE Oct0->FDR CATTLE OCT0,1999-10-29,,2010-10-28,2010-10-30,26-OCT-2000->28-OCT-2010,
FCX0,future_series,FC,X0,FDR CATTLE Nov0->FDR CATTLE NOV0,1999-11-19,,2010-11-18,2010-11-20,16-NOV-2000->18-NOV-2010,
FCEF0,future_series,FCE,F0,CAC 40 JAN0->CAC 40JAN0,1999-11-02,,2010-01-15,2010-01-16,31-JAN-2000->15-JAN-2010,.FCHI
FCEG0,future_series,FCE,G0,CAC 40 FEB0->CAC 40FEB0,1999-11-30,,2010-02-19,2010-02-20,29-FEB-2000->19-FEB-2010,.FCHI
FCEH0,future_series,FCE,H0,CAC 40 MAR0->CAC 40MAR0,1998-12-15,,2010-03-19,2010-03-20,31-MAR-2000->19-MAR-2010,.FCHI
FCEJ0,future_series,FCE,J0,CAC 40 APR0->CAC 40APR0,2000-01-31,,2010-04-16,2010-04-17,31-JAN-2000->30-APR-2000->28-APR-2000->16-APR-2010,.FCHI
FCEK0,future_series,FCE,K0,CAC 40 MAY0->CAC 40MAY0,2000-02-29,,2010-05-21,2010-05-22,31-MAY-2000->21-MAY-2010,.FCHI
FCEM0,future_series,FCE,M0,CAC 40 JUN0->CAC 40JUN0,1999-06-30,,2010-06-18,2010-06-19,30-JUN-2000->18-JUN-2010,.FCHI
FCEN0,future_series,FCE,N0,CAC 40 JUL0->CAC 40JUL0,2000-04-28,,2010-07-16,2010-07-17,31-JUL-2000->16-JUL-2010,.FCHI
FCEQ0,future_series,FCE,Q0,CAC 40 AUG0->CAC 40AUG0,2000-05-31,,2010-08-20,2010-08-21,31-AUG-2000->20-AUG-2010,.FCHI
FCEU0,future_series,FCE,U0,CAC 40 SEP0->CAC 40SEP0,1998-12-15,,2010-09-17,2010-09-18,29-SEP-2000->17-SEP-2010,.FCHI
FCEV0,future_series,FCE,V0,CAC 40 OCT0->CAC 40OCT0,2000-07-31,,2010-10-15,2010-10-16,31-OCT-2000->15-OCT-2010,.FCHI
FCEX0,future_series,FCE,X0,CAC 40 NOV0->CAC 40NOV0,2000-08-31,,2010-11-19,2010-12-12,30-NOV-2000->19-NOV-2010,.FCHI
FCEZ0,future_series,FCE,Z0,CAC 40 DEC0->CAC 40DEC0,2000-01-03,,2010-12-17,2010-12-18,29-DEC-2000->17-DEC-2010,.FCHI
FDXH0,future_series,FDX,H0,DAX INDEX MAR0,1999-06-18,,2010-03-19,2010-03-20,17-MAR-2000->19-MAR-2010,.GDAXI
FDXM0,future_series,FDX,M0,DAX INDEX JUN0,1999-09-17,,2010-06-18,2010-06-19,16-JUN-2000->18-JUN-2010,.GDAXI
FDXU0,future_series,FDX,U0,DAX INDEX SEP0,1999-12-17,,2010-09-17,2010-09-18,15-SEP-2000->17-SEP-2010,.GDAXI
FDXZ0,future_series,FDX,Z0,DAX INDEX DEC0,2000-03-16,,2010-12-17,2010-12-19,15-DEC-2000->17-DEC-2010,.GDAXI
FFIH0,future_series,FFI,H0,FTSE INDEX MAR0,1999-06-18,,2010-03-19,2010-03-20,17-MAR-2000->19-MAR-2010,.FTSE
FFIM0,future_series,FFI,M0,FTSE INDEX JUN0,1999-09-20,,2010-06-18,2010-06-19,16-JUN-2000->18-JUN-2010,.FTSE
FFIU0,future_series,FFI,U0,FTSE INDEX SEP0->FTSE IDX SEP0,1999-12-17,,2010-09-17,2010-09-18,15-SEP-2000->17-SEP-2010,.FTSE
FFIZ0,future_series,FFI,Z0,FTSE INDEX DEC0->FTSE IDX DEC0,2000-03-19,,2010-12-17,2010-12-19,15-DEC-2000->17-DEC-2010,.FTSE
FGBLH0,future_series,FGBL,H0,EURO BUND MAR0->BUND FUT 6% MAR0,1999-06-08,,2010-03-08,2010-03-13,08-MAR-2000->08-MAR-2010,
FGBLM0,future_series,FGBL,M0,EURO BUND JUN0->BUND FUT 6% JUN0,1999-09-08,,2010-06-08,2010-06-12,08-JUN-2000->08-JUN-2010,
FGBLU0,future_series,FGBL,U0,EURO BUND SEP0->BUND FUT 6% SEP0,1999-12-08,,2010-09-08,2010-09-18,07-SEP-2000->08-SEP-2010,
FGBLZ0,future_series,FGBL,Z0,EURO BUND DEC0->BUND FUT 6% DEC0,2000-03-08,,2010-12-08,2010-12-24,07-DEC-2000->08-DEC-2010,
FGBMH0,future_series,FGBM,H0,EURO BOBL MAR0->BOBL FUT 6% MAR0,1999-06-08,,2010-03-08,2010-03-13,08-MAR-2000->08-MAR-2010,
FGBMM0,future_series,FGBM,M0,EURO BOBL JUN0->BOBL FUT 6% JUN0,1999-09-08,,2010-06-08,2010-06-12,08-JUN-2000->08-JUN-2010,
FGBMU0,future_series,FGBM,U0,EURO BOBL SEP0->BOBL FUT 6% SEP0,1999-12-08,,2010-09-08,2010-09-18,07-SEP-2000->08-SEP-2010,
FGBMZ0,future_series,FGBM,Z0,EURO BOBL DEC0->BOBL FUT 6% DEC0,2000-03-08,,2010-12-08,2010-12-11,07-DEC-2000->08-DEC-2010,
FGBSH0,future_series,FGBS,H0,EURO SCHATZ MAR0->SCHATZ 6% MAR0,1999-06-08,,2010-03-08,2010-03-13,08-MAR-2000->08-MAR-2010,
FGBSM0,future_series,FGBS,M0,EURO SCHATZ JUN0->SCHATZ 6% JUN0,1999-09-08,,2010-06-08,2010-06-12,08-JUN-2000->08-JUN-2010,
FGBSU0,future_series,FGBS,U0,EURO SCHATZ SEP0->SCHATZ 6% SEP00->SCHATZ 6% SEP0,1999-12-08,,2010-09-08,2010-09-18,07-SEP-2000->08-SEP-2010,
FGBSZ0,future_series,FGBS,Z0,EURO SCHATZ DEC0->SCHATZ 6% DEC00->SCHATZ 6% DEC0,2000-03-08,,2010-12-08,2010-12-11,07-DEC-2000->08-DEC-2010,
FGBXH0,future_series,FGBX,H0,EUR BUXL 4% MAR0,2009-06-08,,2010-03-08,2010-03-13,08-MAR-2010,
FGBXM0,future_series,FGBX,M0,EUR BUXL 4% JUN0,2009-09-08,,2010-06-08,2010-06-12,08-JUN-2010,
FGBXU0,future_series,FGBX,U0,EUR BUXL 4% SEP0,2009-12-08,,2010-09-08,2010-09-18,08-SEP-2010,
FGBXZ0,future_series,FGBX,Z0,EUR BUXL 4% DEC0,2010-03-08,,2010-12-08,2010-12-11,08-DEC-2010,
FLGH0,future_series,FLG,H0,LONG GILT MAR0,1999-06-28,,2010-04-29,2010-04-03,29-MAR-2000->29-MAR-2010,
FLGM0,future_series,FLG,M0,LONG GILT JUN0,1999-09-28,,2010-06-28,2010-07-03,28-JUN-2000->28-JUN-2010,
FLGU0,future_series,FLG,U0,LONG GILT SEP0,1999-12-24,,2010-09-28,2010-10-02,27-SEP-2000->28-SEP-2010,
FLGZ0,future_series,FLG,Z0,LONG GILT DEC0,2000-03-29,,2010-12-29,2011-01-01,27-DEC-2000->29-DEC-2010,
GH0,future_series,G,H0,SHORT GILT MAR0,2009-11-21,,2010-03-29,2010-04-03,29-MAR-2010,
GM0,future_series,G,M0,SHORT GILT JUN0,2009-11-21,,2010-06-28,2010-07-03,28-JUN-2010,
GU0,future_series,G,U0,SHORT GILT SEP0->SHRT GILT SEP0,2009-11-21,,2010-09-28,2010-10-02,28-SEP-2010,
GZ0,future_series,G,Z0,SHORT GILT DEC0->SHRT GILT DEC0,2010-03-30,,2010-12-29,2011-01-01,29-DEC-2010,
GCF0,future_series,GC,F0,100 OZ GOLD Jan0->100 OZ GOLD JAN0,1999-10-28,,2010-01-27,2010-01-30,27-JAN-2000->27-JAN-2010,
GCG0,future_series,GC,G0,100 OZ GOLD Feb0->100 OZ GOLD FEB0,1998-03-28,,2010-02-24,2010-02-27,24-FEB-2000->25-FEB-2000->24-FEB-2010,
GCH0,future_series,GC,H0,100 OZ GOLD Mar0->100 OZ GOLD MAR0,1999-12-29,,2010-03-29,2010-04-03,29-MAR-2000->29-MAR-2010,
GCJ0,future_series,GC,J0,100 OZ GOLD Apr0->100 OZ GOLD APR0,1998-05-28,,2010-04-28,2010-05-01,26-APR-2000->28-APR-2010,
GCK0,future_series,GC,K0,100 OZ GOLD May0->100 OZ GOLD MAY0,2000-02-26,,2010-05-26,2010-05-29,29-MAY-2000->26-MAY-2010,
GCM0,future_series,GC,M0,100 OZ GOLD Jun0->100 OZ GOLD JUN0,1996-01-03,,2010-06-28,2010-07-03,28-JUN-2000->28-JUN-2010,
GCN0,future_series,GC,N0,100 OZ GOLD Jul0->100 OZ GOLD JUL0,2000-04-27,,2010-07-28,2010-07-31,27-JUL-2000->28-JUL-2010,
GCQ0,future_series,GC,Q0,100 OZ GOLD Aug0->100 OZ GOLD AUG0,1998-09-29,,2010-08-27,2010-08-28,29-AUG-2000->27-AUG-2010,
GCU0,future_series,GC,U0,100 OZ GOLD Sep0->100 OZ GOLD SEP0,2000-06-29,,2010-09-28,2010-10-02,27-SEP-2000->28-SEP-2010,
GCV0,future_series,GC,V0,100 OZ GOLD Oct0->100 OZ GOLD OCT0,1998-11-25,,2010-10-27,2010-10-30,27-OCT-2000->27-OCT-2010,
GCX0,future_series,GC,X0,100 OZ GOLD Nov0->100 OZ GOLD NOV0,2000-08-30,,2010-11-26,2010-11-27,28-NOV-2000->26-NOV-2010,
GCZ0,future_series,GC,Z0,100 OZ GOLD Dec0->100 OZ GOLD DEC0,1996-01-02,,2010-12-29,2011-01-01,27-DEC-2000->28-DEC-2010->29-DEC-2010,
GEF0,future_series,GE,F0,3-MTH EURO$ Jan0->3-MTH EURO$ JAN0,1999-07-19,,2010-01-18,2010-01-23,13-JAN-2000->17-JAN-2000->15-JAN-2010->18-JAN-2010,LIUSD3MD=->LIUSD3MD=^I09
GEG0,future_series,GE,G0,3-MTH EURO$ Feb0->3-MTH EURO$ FEB0,1999-08-17,,2010-02-15,2010-02-20,14-FEB-2000->15-FEB-2010,LIUSD3MD=->LIUSD3MD=^I09->USD3MFSR=
GEH0,future_series,GE,H0,3-MTH EURO$ Mar0->3-MTH EURO$ MAR0,1999-07-02,,2011-03-16,2011-03-16,13-MAR-2000->16-MAR-2010->15-MAR-2010->16-MAR-2020,LIUSD3MD=->USD3MFSR=->USD3MD=->USD3MFSR=
GEJ0,future_series,GE,J0,3-MTH EURO$ Apr0->3-MTH EURO$ APR0,1999-10-19,,2010-04-19,2010-05-08,17-APR-2000->19-APR-2010,LIUSD3MD=^I09->USD3MFSR=->USD3MD=
GEK0,future_series,GE,K0,3-MTH EURO$ May0->3-MTH EURO$ MAY0,1999-11-16,,2010-05-17,2010-05-22,15-MAY-2000->17-MAY-2010,LIUSD3MD=^I09->USD3MFSR=->USD3MD=->USD3MFSR=
GEM0,future_series,GE,M0,3-MTH EURO$ Jun0->3-MTH EURO$ JUN0,1999-07-02,,2011-06-15,2011-06-15,19-JUN-2000->15-JUN-2010->14-JUN-2010->15-JUN-2020,LIUSD3MD=->USD3MFSR=->USD3MD=->USD3MFSR=
GEN0,future_series,GE,N0,3-MTH EURO$ Jul0->3-MTH EURO$ JUL0,2000-01-21,,2010-07-19,2010-07-24,17-JUL-2000->19-JUL-2010,LIUSD3MD=^I09->USD3MFSR=->USD3MD=->USD3MFSR=
GEQ0,future_series,GE,Q0,3-MTH EURO$ Aug0->3-MTH EURO$ AUG0,2000-02-15,,2010-08-16,2010-08-21,14-AUG-2000->16-AUG-2010,LIUSD3MD=^I09->USD3MD=->USD3MFSR=
GEU0,future_series,GE,U0,3-MTH EURO$ Sep0->3-MTH EURO$ SEP0,1999-07-02,,2011-09-14,2011-09-14,18-SEP-2000->14-SEP-2010->13-SEP-2010->14-SEP-2020,LIUSD3MD=->USD3MFSR=->USD3MD=->USD3MFSR=
GEV0,future_series,GE,V0,3-MTH EURO$ Oct0->3-MTH EURO$ OCT0,2000-04-18,,2010-10-18,2010-11-13,16-OCT-2000->18-OCT-2010,LIUSD3MD=^I09->USD3MFSR=
GEX0,future_series,GE,X0,3-MTH EURO$ Nov0->3-MTH EURO$ NOV0,2000-05-16,,2010-11-15,2010-11-20,13-NOV-2000->15-NOV-2010,LIUSD3MD=^I09->USD3MFSR=
GEZ0,future_series,GE,Z0,3-MTH EURO$ Dec0->3-MTH EURO$ DEC0,1999-07-02,,2011-12-14,2011-12-14,18-DEC-2000->14-DEC-2010->13-DEC-2010->14-DEC-2020,LIUSD3MD=->USD3MFSR=->USD3MD=->USD3MFSR=
HH0,future_series,H,H0,MED GILT MAR0,2009-11-21,,2010-03-29,2010-04-03,29-MAR-2010,
HM0,future_series,H,M0,MED GILT JUN0,2009-11-21,,2010-06-28,2010-07-03,28-JUN-2010,
HU0,future_series,H,U0,MED GILT SEP0->SEP0->MED GILT SEP0,2009-11-21,,2010-09-28,2010-10-02,28-SEP-2010,
HZ0,future_series,H,Z0,DEC0->MED GILT DEC0,2010-03-30,,2010-12-29,2011-01-01,29-DEC-2010,
HGF0,future_series,HG,F0,HG COPPER Jan0->HG COPPER JAN0,1998-01-29,,2010-01-27,2010-01-30,27-JAN-2000->27-JAN-2010,
HGG0,future_series,HG,G0,HG COPPER Feb0->HG COPPER FEB0,1998-02-26,,2010-02-24,2010-02-27,24-FEB-2000->25-FEB-2000->24-FEB-2010,
HGH0,future_series,HG,H0,HG COPPER Mar0->HG COPPER MAR0,1998-03-28,,2010-03-29,2010-04-03,29-MAR-2000->29-MAR-2010,
HGJ0,future_series,HG,J0,HG COPPER Apr0->HG COPPER APR0,1998-04-29,,2010-04-28,2010-05-01,26-APR-2000->28-APR-2010,
HGK0,future_series,HG,K0,HG COPPER May0->HG COPPER MAY0,1998-05-28,,2010-05-26,2010-05-29,26-MAY-2000->29-MAY-2000->26-MAY-2010,
HGM0,future_series,HG,M0,HG COPPER Jun0->HG COPPER JUN0,1998-06-27,,2010-06-28,2010-07-03,28-JUN-2000->28-JUN-2010,
HGN0,future_series,HG,N0,HG COPPER Jul0->HG COPPER JUL0,1998-07-30,,2010-07-28,2010-07-31,27-JUL-2000->28-JUL-2010,
HGQ0,future_series,HG,Q0,HG COPPER Aug0->HG COPPER AUG0,1998-08-28,,2010-08-27,2010-08-28,29-AUG-2000->27-AUG-2010,
HGU0,future_series,HG,U0,HG COPPER Sep0->HG COPPER SEP0,1998-09-29,,2010-09-28,2010-10-02,27-SEP-2000->28-SEP-2010,
HGV0,future_series,HG,V0,HG COPPER Oct0->HG COPPER OCT0,1998-10-29,,2010-10-27,2010-10-30,27-OCT-2000->27-OCT-2010,
HGX0,future_series,HG,X0,HG COPPER Nov0->HG COPPER NOV0,1998-11-25,,2010-11-26,2010-11-27,28-NOV-2000->26-NOV-2010,
HGZ0,future_series,HG,Z0,HG COPPER Dec0->HG COPPER DEC0,1998-12-30,,2010-12-29,2011-01-01,27-DEC-2000->28-DEC-2010->29-DEC-2010,
HOF0,future_series,HO,F0,NO 2 HT OIL Jan0->NO 2 HT OIL JAN0,1998-07-01,,2009-12-31,2010-01-02,30-DEC-1999->31-DEC-2009,
HOG0,future_series,HO,G0,NO 2 HT OIL Feb0->NO 2 HT OIL FEB0,1998-08-03,,2010-01-29,2010-01-30,31-JAN-2000->29-JAN-2010,
HOH0,future_series,HO,H0,NO 2 HT OIL Mar0->NO 2 HT OIL MAR0,1998-09-01,,2010-02-26,2010-02-27,28-FEB-2000->29-FEB-2000->26-FEB-2010,
HOJ0,future_series,HO,J0,NO 2 HT OIL Apr0->NO 2 HT OIL APR0,1998-10-01,,2010-03-31,2010-04-03,31-MAR-2000->31-MAR-2010,
HOK0,future_series,HO,K0,NO 2 HT OIL May0->NO 2 HT OIL MAY0,1998-10-31,,2010-04-30,2010-05-01,28-APR-2000->30-APR-2010,
HOM0,future_series,HO,M0,NO 2 HT OIL Jun0->NO 2 HT OIL JUN0,1998-12-01,,2010-05-28,2010-05-29,31-MAY-2000->28-MAY-2010,
HON0,future_series,HO,N0,NO 2 HT OIL Jul0->NO 2 HT OIL JUL0,1999-01-01,,2010-06-30,2010-07-03,30-JUN-2000->30-JUN-2010,
HOQ0,future_series,HO,Q0,NO 2 HT OIL Aug0->NO 2 HT OIL AUG0,1999-01-30,,2010-07-30,2010-07-31,31-JUL-2000->30-JUL-2010,
HOU0,future_series,HO,U0,NO 2 HT OIL Sep0->NO 2 HT OIL SEP0,1999-02-27,,2010-08-31,2010-09-03,31-AUG-2000->31-AUG-2010,
HOV0,future_series,HO,V0,NO 2 HT OIL Oct0->NO 2 HT OIL OCT0,1999-04-01,,2010-09-30,2010-10-02,29-SEP-2000->30-SEP-2010,
HOX0,future_series,HO,X0,NO 2 HT OIL Nov0->NO 2 HT OIL NOV0,1999-05-01,,2010-10-29,2010-10-30,31-OCT-2000->29-OCT-2010,
HOZ0,future_series,HO,Z0,NO 2 HT OIL Dec0->NO 2 HT OIL DEC0,1999-05-29,,2010-11-30,2010-12-04,30-NOV-2000->30-NOV-2010,
JYH0,future_series,JY,H0,JPANESE YEN Mar0->JPANESE YEN MAR0,1998-09-15,,2010-03-15,2010-03-28,13-MAR-2000->15-MAR-2010,JPY=->USDJPYFIX=FBNY->JPY=->USDJPYFIX=FBNY
JYM0,future_series,JY,M0,JPANESE YEN Jun0->JPANESE YEN JUN0,1998-12-15,,2010-06-14,2010-06-19,19-JUN-2000->14-JUN-2010,JPY=->USDJPYFIX=FBNY->JPY=->USDJPYFIX=FBNY->JPY=
JYU0,future_series,JY,U0,JPANESE YEN Sep0->JPANESE YEN SEP0,1999-03-16,,2010-09-13,2010-09-18,18-SEP-2000->13-SEP-2010,JPY=->USDJPYFIX=FBNY->JPY=->USDJPYFIX=FBNY->JPY=
JYZ0,future_series,JY,Z0,JPANESE YEN Dec0->JPANESE YEN DEC0,1999-06-15,,2010-12-13,2010-12-18,18-DEC-2000->13-DEC-2010,JPY=->USDJPYFIX=FBNY->JPY=->USDJPYFIX=FBNY->JPY=
KEH0,future_series,KE,H0,WHEAT MAR0,2007-11-15,,2010-03-12,2010-03-13,12-MAR-2010,
KEK0,future_series,KE,K0,WHEAT MAY0,2008-10-15,,2010-05-14,2010-05-15,14-MAY-2010,
KEN0,future_series,KE,N0,WHEAT JUL0,2007-11-28,,2010-07-14,2010-07-17,14-JUL-2010,
KEU0,future_series,KE,U0,WHEAT SEP0,2007-12-16,,2010-09-14,2010-09-18,14-SEP-2010,
KEZ0,future_series,KE,Z0,WHEAT DEC0,2008-03-15,,2010-12-14,2010-12-18,14-DEC-2010,
LCG0,future_series,LC,G0,LIVE CATTLE Feb0->LIVE CATTLE FEB0,1999-01-01,,2010-02-26,2010-03-06,28-FEB-2000->29-FEB-2000->26-FEB-2010,
LCJ0,future_series,LC,J0,LIVE CATTLE Apr0->LIVE CATTLE APR0,1999-02-26,,2010-04-30,2010-05-08,28-APR-2000->30-APR-2010,
LCM0,future_series,LC,M0,LIVE CATTLE Jun0->LIVE CATTLE JUN0,1999-02-27,,2010-06-30,2010-07-03,30-JUN-2000->30-JUN-2010,
LCQ0,future_series,LC,Q0,LIVE CATTLE Aug0->LIVE CATTLE AUG0,1999-05-01,,2010-08-31,2010-09-04,31-AUG-2000->31-AUG-2010,
LCV0,future_series,LC,V0,LIVE CATTLE Oct0->LIVE CATTLE OCT0,1999-07-01,,2010-10-29,2010-10-30,31-OCT-2000->29-OCT-2010,
LCZ0,future_series,LC,Z0,LIVE CATTLE Dec0->LIVE CATTLE DEC0,1999-09-01,,2010-12-31,2011-01-08,29-DEC-2000->30-DEC-2010->31-DEC-2010,
LCOF0,future_series,LCO,F0,BRENT CRUDE JAN0,1998-11-14,,2009-12-16,2009-12-19,15-JAN-2000->16-DEC-1999->16-DEC-2009,
LCOG0,future_series,LCO,G0,BRENT CRUDE FEB0,1999-01-15,,2010-01-14,2010-01-16,14-JAN-2000->14-JAN-2010,
LCOH0,future_series,LCO,H0,BRENT CRUDE MAR0,1998-02-13,,2010-02-11,2010-02-13,14-FEB-1998->14-FEB-2000->11-FEB-2010,
LCOJ0,future_series,LCO,J0,BRENT CRUDE APR0,1999-02-11,,2010-03-16,2010-03-18,16-MAR-2000->16-MAR-2010,
LCOK0,future_series,LCO,K0,BRENT CRUDE MAY0,1999-04-16,,2010-04-15,2010-04-17,13-APR-2000->15-APR-2010,
LCOM0,future_series,LCO,M0,BRENT CRUDE JUN0,1997-12-16,,2010-05-14,2010-05-15,16-MAY-2000->14-MAY-2010,
LCON0,future_series,LCO,N0,BRENT CRUDE JUL0,1999-06-15,,2010-06-15,2010-06-16,15-JUN-2000->15-JUN-2010,
LCOQ0,future_series,LCO,Q0,BRENT CRUDE AUG0,1999-07-16,,2010-07-15,2010-07-16,14-JUL-2000->15-JUL-2010,
LCOU0,future_series,LCO,U0,BRENT CRUDE SEP0,1998-08-19,,2010-08-16,2010-08-17,16-AUG-2000->16-AUG-2010,
LCOV0,future_series,LCO,V0,BRENT CRUDE OCT0,1999-09-15,,2010-09-15,2010-09-18,14-SEP-2000->15-SEP-2010,
LCOX0,future_series,LCO,X0,BRENT CRUDE NOV0,1999-10-15,,2010-10-14,2010-10-16,16-OCT-2000->14-OCT-2010,
LCOZ0,future_series,LCO,Z0,BRENT CRUDE DEC0,1997-12-16,,2010-11-15,2010-11-20,15-NOV-2000->15-NOV-2010,
LGOF0,future_series,LGO,F0,GAS OIL JAN0,1999-01-12,,2010-01-12,2010-01-16,12-JAN-2000->12-JAN-2010,
LGOG0,future_series,LGO,G0,GAS OIL FEB0,1999-02-11,,2010-02-11,2010-02-13,10-FEB-2000->11-FEB-2010,
LGOH0,future_series,LGO,H0,GAS OIL MAR0,1998-09-11,,2010-03-11,2010-03-13,10-MAR-2000->11-MAR-2010,
LGOJ0,future_series,LGO,J0,GAS OIL APR0,1999-04-12,,2010-04-12,2010-04-17,12-APR-2000->12-APR-2010,
LGOK0,future_series,LGO,K0,GAS OIL MAY0,1999-05-12,,2010-05-12,2010-05-13,11-MAY-2000->12-MAY-2010,
LGOM0,future_series,LGO,M0,GAS OIL JUN0,1998-12-10,,2010-06-10,2010-06-11,12-JUN-2000->10-JUN-2010,
LGON0,future_series,LGO,N0,GAS OIL JUL0,1999-07-12,,2010-07-12,2010-07-13,12-JUL-2000->12-JUL-2010,
LGOQ0,future_series,LGO,Q0,GAS OIL AUG0,1999-08-12,,2010-08-12,2010-08-14,10-AUG-2000->12-AUG-2010,
LGOU0,future_series,LGO,U0,GAS OIL SEP0,1999-03-11,,2010-09-10,2010-09-11,12-SEP-2000->10-SEP-2010,
LGOV0,future_series,LGO,V0,GAS OIL OCT0,1999-10-12,,2010-10-12,2010-10-13,12-OCT-2000->12-OCT-2010,
LGOX0,future_series,LGO,X0,GAS OIL NOV0,1999-11-11,,2010-11-11,2010-11-12,10-NOV-2000->11-NOV-2010,
LGOZ0,future_series,LGO,Z0,GAS OIL DEC0,1999-06-11,,2010-12-10,2010-12-11,12-DEC-2000->10-DEC-2010,
LSUH0,future_series,LSU,H0,SUGAR NO5 MAR0,1998-09-16,,2010-02-12,2010-02-13,08-FEB-2000->14-FEB-2000->12-FEB-2010,
LSUK0,future_series,LSU,K0,SUGAR NO5 MAY0,1998-11-14,,2010-04-15,2010-04-17,14-APR-2000->15-APR-2010,
LSUQ0,future_series,LSU,Q0,SUGAR NO5 AUG0,1999-02-12,,2010-07-16,2010-07-24,14-JUL-2000->16-JUL-2010,
LSUV0,future_series,LSU,V0,SUGAR NO5 OCT0,1999-04-15,,2010-09-15,2010-09-18,15-SEP-2000->15-SEP-2010,
LSUZ0,future_series,LSU,Z0,SUGAR NO5 DEC0,1999-07-16,,2010-11-15,2010-11-20,15-NOV-2000->15-NOV-2010,
MCIH0,future_series,MCI,H0,E-MIN MSCI MAR0,2009-03-21,,2010-03-19,2010-03-28,18-MAR-2010->19-MAR-2010,.EFD
MCIM0,future_series,MCI,M0,E-MIN MSCI JUN0,2010-01-04,,2010-06-18,2010-06-19,18-JUN-2010,.EFD
MCIU0,future_series,MCI,U0,E-MIN MSCI SEP0->EMIN MSCI SEP0,2009-09-19,,2010-09-17,2010-09-18,16-SEP-2010->17-SEP-2010,.EFD
MCIZ0,future_series,MCI,Z0,E-MIN MSCI DEC0->EMIN MSCI DEC0,2009-12-19,,2010-12-17,2010-12-18,17-DEC-2010,.EFD
MWEH0,future_series,MWE,H0,SPG WHT MAR0,2008-06-27,,2010-03-12,2010-03-13,12-MAR-2010,
MWEK0,future_series,MWE,K0,SPG WHT MAY0,2008-06-27,,2010-05-14,2010-05-15,14-MAY-2010,
MWEN0,future_series,MWE,N0,SPG WHT JUL0,2008-07-15,,2010-07-14,2010-07-17,14-JUL-2010,
MWEU0,future_series,MWE,U0,SPG WHT SEP0,2008-09-13,,2010-09-14,2010-09-18,14-SEP-2010,
MWEZ0,future_series,MWE,Z0,SPG WHT DEC0,2008-12-13,,2010-12-14,2010-12-18,14-DEC-2010,
NGF0,future_series,NG,F0,NATURAL GAS Jan0->NATURAL GAS JAN0->NATURAL GAS JAN1->NAT GAS JAN10,1997-03-25,,2010-12-29,2010-12-29,28-DEC-1999->24-DEC-1999->28-DEC-1999->24-DEC-2009->29-DEC-2009,
NGG0,future_series,NG,G0,NATURAL GAS Feb0->NATURAL GAS FEB0->NATURAL GAS FEB1->NAT GAS FEB10,1997-03-25,,2010-01-27,2010-01-30,27-JAN-2000->24-JAN-2000->27-JAN-2000->27-JAN-2010,
NGH0,future_series,NG,H0,NATURAL GAS Mar0->NATURAL GAS MAR0->NATURAL GAS MAR1->NAT GAS MAR10,1997-03-25,,2010-02-24,2010-02-27,25-FEB-2000->18-FEB-2000->25-FEB-2000->24-FEB-2010,
NGJ0,future_series,NG,J0,NATURAL GAS Apr0->NATURAL GAS APR0->NATURAL GAS APR1->NAT GAS APR10,1997-03-25,,2010-03-29,2010-04-03,29-MAR-2000->24-MAR-2000->29-MAR-2000->29-MAR-2010,
NGK0,future_series,NG,K0,NATURAL GAS May0->NATURAL GAS MAY0->NATURAL GAS MAY1->NAT GAS MAY10,1997-04-25,,2010-04-28,2010-05-01,20-APR-2000->26-APR-2000->28-APR-2010,
NGM0,future_series,NG,M0,NATURAL GAS Jun0->NATURAL GAS JUN0->NATURAL GAS JUN1->NAT GAS JUN10,1997-05-29,,2010-05-26,2010-05-29,23-MAY-2000->26-MAY-2000->26-MAY-2010,
NGN0,future_series,NG,N0,NATURAL GAS Jul0->NATURAL GAS JUL0->NATURAL GAS JUL1->NAT GAS JUL10,1997-06-27,,2010-06-28,2010-07-03,28-JUN-2000->28-JUN-2010,
NGQ0,future_series,NG,Q0,NATURAL GAS Aug0->NATURAL GAS AUG0->NATURAL GAS AUG1->NAT GAS AUG10,1997-07-30,,2010-07-28,2010-07-31,27-JUL-2000->28-JUL-2010,
NGU0,future_series,NG,U0,NATURAL GAS Sep0->NATURAL GAS SEP0->NATURAL GAS SEP1->NAT GAS SEP10,1997-08-28,,2010-08-27,2010-08-28,29-AUG-2000->27-AUG-2010,
NGV0,future_series,NG,V0,NATURAL GAS Oct0->NATURAL GAS OCT0->NATURAL GAS OCT1->NAT GAS OCT10,1997-09-27,,2010-09-28,2010-10-02,27-SEP-2000->28-SEP-2010,
NGX0,future_series,NG,X0,NATURAL GAS Nov0->NATURAL GAS NOV0->NATURAL GAS NOV1->NAT GAS NOV10,1997-10-30,,2010-10-27,2010-10-30,27-OCT-2000->27-OCT-2010,
NGZ0,future_series,NG,Z0,NATURAL GAS Dec0->NATURAL GAS DEC0->NATURAL GAS DEC1->NAT GAS DEC10,1997-11-25,,2010-11-24,2010-11-25,28-NOV-2000->24-NOV-2010,
NIYH0,future_series,NIY,H0,YEN NIKKEI MAR0,2008-12-12,,2010-03-11,2010-03-13,11-MAR-2010,.N225
NIYM0,future_series,NIY,M0,YEN NIKKEI JUN0,2009-03-13,,2010-06-10,2010-06-19,10-JUN-2010,.N225
NIYU0,future_series,NIY,U0,YEN NIKKEI SEP0,2009-04-04,,2010-09-09,2010-09-11,09-SEP-2010,.N225
NIYZ0,future_series,NIY,Z0,YEN NIKKEI DEC0,2009-04-04,,2010-12-09,2010-12-11,09-DEC-2010,.N225
NKDH0,future_series,NKD,H0,NIK STK AV MAR0,2009-03-13,,2010-03-11,2010-03-13,11-MAR-2010,.N225
NKDM0,future_series,NKD,M0,NIK STK AV JUN0,2009-06-12,,2010-06-10,2010-06-19,10-JUN-2010,.N225
NKDU0,future_series,NKD,U0,NIK STK AV SEP0,2009-09-11,,2010-09-09,2010-09-11,09-SEP-2010,.N225
NKDZ0,future_series,NKD,Z0,NIK STK AV DEC0,2009-12-11,,2010-12-09,2010-12-11,09-DEC-2010,.N225
NQH0,future_series,NQ,H0,NASD E-MINI Mar0->NASD E-MINI MAR0,1999-06-19,,2010-03-19,2010-03-28,17-MAR-2000->19-MAR-2010,.NDX
NQM0,future_series,NQ,M0,NASD E-MINI Jun0->NASD E-MINI JUN0,1999-06-19,,2010-06-18,2010-06-19,16-JUN-2000->18-JUN-2010,.NDX
NQU0,future_series,NQ,U0,NASD E-MINI Sep0->NASD E-MINI SEP0->NAS EMIN SEP0,1999-09-18,,2010-09-17,2010-09-18,15-SEP-2000->17-SEP-2010,.NDX
NQZ0,future_series,NQ,Z0,NASD E-MINI Dec0->NASD E-MINI DEC0->NAS EMIN DEC0,1999-12-18,,2010-12-17,2010-12-18,15-DEC-2000->17-DEC-2010,.NDX
OJF0,future_series,OJ,F0,FROZEN OJ Jan0->FCOJ-1 Jan0->ICE FCOJ-1 JAN0,1998-01-13,,2010-01-08,2010-01-16,11-JAN-2000->13-JAN-2000->10-JAN-2000->08-JAN-2010,
OJH0,future_series,OJ,H0,FROZEN OJ Mar0->FCOJ-1 Mar0->ICE FCOJ-1 MAR0,1998-05-09,,2010-03-11,2010-03-13,10-MAR-2000->11-MAR-2010,
OJK0,future_series,OJ,K0,FROZEN OJ May0->FCOJ-1 May0->ICE FCOJ-1 MAY0,1998-07-15,,2010-05-10,2010-05-15,11-MAY-2000->10-MAY-2010,
OJN0,future_series,OJ,N0,FROZEN OJ Jan0->FROZEN OJ Jul0->FCOJ-1 Jul0->ICE FCOJ-1 JUL0,1998-01-13,,2010-07-12,2010-07-17,11-JAN-2000->11-JUL-2000->12-JUL-2010,
OJU0,future_series,OJ,U0,FROZEN OJ Sep0->FCOJ-1 Sep0->ICE FCOJ-1 SEP0,1998-11-10,,2010-09-10,2010-09-11,10-SEP-2000->11-SEP-2000->10-SEP-2000->11-SEP-2000->10-SEP-2010,
OJX0,future_series,OJ,X0,FROZEN OJ Nov0->FCOJ-1 Nov0->ICE FCOJ-1 NOV0,1999-01-12,,2010-11-09,2010-11-13,09-NOV-2000->09-NOV-2010,
RBF0,future_series,RB,F0,NY RBOB JAN0,2007-02-09,,2009-12-31,2010-01-02,31-DEC-2009,
RBG0,future_series,RB,G0,NY RBOB FEB0,2007-02-12,,2010-01-29,2010-01-30,29-JAN-2010,
RBH0,future_series,RB,H0,NY RBOB MAR0,2007-02-28,,2010-02-26,2010-02-27,26-FEB-2010,
RBJ0,future_series,RB,J0,NY RBOB APR0,2007-03-30,,2010-03-31,2010-04-03,31-MAR-2010,
RBK0,future_series,RB,K0,NY RBOB MAY0,2007-04-30,,2010-04-30,2010-05-01,30-APR-2010,
RBM0,future_series,RB,M0,NY RBOB JUN0,2007-06-01,,2010-05-28,2010-05-29,28-MAY-2010->31-MAY-2010->28-MAY-2010->31-MAY-2010->28-MAY-2010,
RBN0,future_series,RB,N0,NY RBOB JUL0,2007-07-01,,2010-06-30,2010-07-03,30-JUN-2010,
RBQ0,future_series,RB,Q0,NY RBOB AUG0,2007-07-31,,2010-07-30,2010-09-03,30-JUL-2010,
RBU0,future_series,RB,U0,NY RBOB SEP0,2007-09-02,,2010-08-31,2010-09-03,31-AUG-2010,
RBV0,future_series,RB,V0,NY RBOB OCT0,2007-10-01,,2010-09-30,2010-10-02,30-SEP-2010,
RBX0,future_series,RB,X0,NY RBOB NOV0,2007-10-31,,2010-10-29,2010-10-30,29-OCT-2010->31-OCT-2010->29-OCT-2010,
RBZ0,future_series,RB,Z0,NY RBOB DEC0,2007-12-02,,2010-11-30,2010-12-04,30-NOV-2010,
RSF0,future_series,RS,F0,CANOLA Jan0->CANOLA JAN0->ICE CANOLA JAN0,1998-11-19,,2010-01-14,2010-01-16,20-JAN-2000->14-JAN-2010,
RSH0,future_series,RS,H0,CANOLA Mar0->ICE CANOLA MAR0,1999-02-24,,2010-03-12,2010-03-13,22-MAR-2000->12-MAR-2010,
RSK0,future_series,RS,K0,CANOLA May0->ICE CANOLA MAY0,1999-03-23,,2010-05-14,2010-05-15,22-MAY-2000->19-MAY-2000->14-MAY-2010,
RSN0,future_series,RS,N0,CANOLA Jul0->ICE CANOLA JUL0,1999-07-22,,2010-07-14,2010-07-17,20-JUL-2000->16-JUN-2000->20-JUL-2000->14-JUL-2010,
RSX0,future_series,RS,X0,CANOLA Nov0->ICE CANOLA NOV0,1999-08-27,,2010-11-12,2010-11-13,20-NOV-2000->21-NOV-2000->12-NOV-2010->26-NOV-2010->12-NOV-2010,
SBH0,future_series,SB,H0,SUGAR 11 Mar0->ICE SUG11 MAR0,1998-02-28,,2010-02-26,2010-02-27,28-FEB-2000->29-FEB-2000->26-FEB-2010,
SBK0,future_series,SB,K0,SUGAR 11 May0->ICE SUG11 MAY0,1998-05-01,,2010-04-30,2010-05-01,28-APR-2000->30-APR-2010,
SBN0,future_series,SB,N0,SUGAR 11 Jul0->ICE SUG11 JUL0,1998-08-05,,2010-06-30,2010-07-03,30-JUN-2000->30-JUN-2010,
SBV0,future_series,SB,V0,SUGAR 11 Oct0->ICE SUG11 OCT0,1998-10-01,,2010-09-30,2010-10-02,29-SEP-2000->30-SEP-2010,
STXEH0,future_series,STXE,H0,EURO STXX50 MAR0->DJES 50 MAR0,1999-06-20,,2010-03-19,2010-03-20,17-MAR-2000->19-MAR-2010,.STOXX50E
STXEM0,future_series,STXE,M0,EURO STXX50 JUN0->DJES 50 JUN0->ESTX 50 JUN0,1999-09-17,,2010-06-18,2010-06-19,16-JUN-2000->18-JUN-2010,.STOXX50E
STXEU0,future_series,STXE,U0,EURO STXX50 SEP0->DJES 50 SEP0->ESTX 50 SEP0,1999-12-20,,2010-09-17,2010-09-18,15-SEP-2000->17-SEP-2010,.STOXX50E
STXEZ0,future_series,STXE,Z0,EURO STXX50 DEC0->DJES 50 DEC0->ESTX 50 DEC0,2000-03-16,,2010-12-17,2010-12-19,15-DEC-2000->17-DEC-2010,.STOXX50E
SXFH0,future_series,SXF,H0,S&P/CDA 60 Mar0->S&P/CDA 60 MAR0,1999-09-04,,2010-03-18,2010-03-20,22-MAR-2000->17-MAR-2000->18-MAR-2010,.SPTSE
SXFM0,future_series,SXF,M0,S&P/CDA 60 Jun0->S&P/CDA 60 JUN0,1999-09-04,,2010-06-17,2010-06-19,21-JUN-2000->16-JUN-2000->18-JUN-2010->17-JUN-2010,.SPTSE
SXFU0,future_series,SXF,U0,S&P/CDA 60 Sep0->S&P/CDA 60 SEP0,1999-09-04,,2010-09-16,2010-09-18,20-SEP-2000->15-SEP-2000->16-SEP-2010,.SPTSE
SXFZ0,future_series,SXF,Z0,S&P/CDA 60 Dec0->S&P/CDA 60 DEC0,1999-12-18,,2010-12-16,2010-12-18,19-DEC-2000->14-DEC-2000->15-DEC-2000->16-DEC-2010,.SPTSE
TFSH0,future_series,TFS,H0,ICE MiRU2K MAR0,2009-03-20,,2010-03-19,2010-03-20,19-MAR-2010,.TOY
TFSM0,future_series,TFS,M0,ICE MiRU2K JUN0,2009-06-20,,2010-06-18,2010-06-19,18-JUN-2010,.TOY
TFSU0,future_series,TFS,U0,ICE MiRU2K SEP0->MiRU2K SEP0,2009-09-19,,2010-09-17,2010-09-18,17-SEP-2010,.TOY
TFSZ0,future_series,TFS,Z0,ICE MiRU2K DEC0->MiRU2K DEC0,2009-12-19,,2010-12-17,2010-12-18,17-DEC-2010,.TOY
UROH0,future_series,URO,H0,ECU Mar0->EURO FX Mar0->EURO FX MAR0,1998-12-15,,2010-03-15,2010-03-28,13-MAR-2000->15-MAR-2010,EURUSDFIX=FBNY->EURFIX16=
UROM0,future_series,URO,M0,ECU Jun0->EURO FX Jun0->EURO FX JUN0,1998-12-22,,2010-06-14,2010-06-19,19-JUN-2000->14-JUN-2010,EURUSDFIX=FBNY->EURFIX16=->EUR=
UROU0,future_series,URO,U0,EURO FX Sep0->EURO FX SEP0,1999-03-16,,2010-09-13,2010-09-18,18-SEP-2000->13-SEP-2010,EURUSDFIX=FBNY->EURFIX16=->EUR=
UROZ0,future_series,URO,Z0,EURO FX Dec0->EURO FX DEC0,1999-06-15,,2010-12-13,2010-12-18,18-DEC-2000->13-DEC-2010,EURUSDFIX=FBNY->EURFIX16=->EUR=
YMH0,future_series,YM,H0,DM FUTS Mar0->DJ MINI($5) MAR0,1999-03-16,,2010-03-19,2010-03-20,13-MAR-2000->18-MAR-2010->19-MAR-2010,.DJI
YMM0,future_series,YM,M0,DM FUTS Jun0->DJ MINI($5) JUN0,1999-06-15,,2010-06-18,2010-06-19,19-JUN-2000->17-JUN-2010->18-JUN-2010,.DJI
YMU0,future_series,YM,U0,DM FUTS Sep0->DJ MINI($5) SEP0,1999-09-14,,2010-09-17,2010-09-18,18-SEP-2000->17-SEP-2010,.DJI
YMZ0,future_series,YM,Z0,DM FUTS Dec0->DJ MINI($5) DEC0,1999-12-14,,2010-12-17,2010-12-18,18-DEC-2000->17-DEC-2010,.DJI
ZBH0,future_series,ZB,H0,PJA T BONDS Mar0->US T BONDS MAR0,1998-09-26,,2010-03-22,2010-04-03,22-MAR-2000->22-MAR-2010,
ZBM0,future_series,ZB,M0,PJA T BONDS Jun0->US T BONDS JUN0,1998-09-26,,2010-06-21,2010-06-26,21-JUN-2000->21-JUN-2010,
ZBU0,future_series,ZB,U0,PJA T BONDS Sep0->ace T BONDS Sep0->US T BONDS SEP0,1998-09-26,,2010-09-21,2010-09-25,20-SEP-2000->21-SEP-2010,
ZBZ0,future_series,ZB,Z0,PJA T BONDS Dec0->ace T BONDS Dec0->US T BONDS DEC0,1998-09-26,,2010-12-21,2010-12-25,19-DEC-2000->22-DEC-2010->21-DEC-2010,
ZCH0,future_series,ZC,H0,CORN MAR0,2007-03-16,,2010-03-12,2010-03-13,12-MAR-2010,
ZCK0,future_series,ZC,K0,CORN MAY0,2008-04-11,,2010-05-14,2010-05-15,14-MAY-2010,
ZCN0,future_series,ZC,N0,CORN JUL0,2007-02-06,,2010-07-14,2010-07-17,14-JUL-2010,
ZCU0,future_series,ZC,U0,CORN Sep0->CORN SEP0,2000-08-25,,2010-09-14,2010-09-18,14-SEP-2000->14-SEP-2010,
ZCZ0,future_series,ZC,Z0,CORN Dec0->CORN DEC0,2000-08-25,,2010-12-14,2010-12-18,14-DEC-2000->14-DEC-2010,
ZFH0,future_series,ZF,H0,PJA 5YR NT Mar0->5YR T NOTES MAR0,1999-02-24,,2010-03-31,2010-04-03,22-MAR-2000->31-MAR-2010,
ZFM0,future_series,ZF,M0,PJA 5YR NT Jun0->5YR T NOTES JUN0,1999-03-23,,2010-06-30,2010-07-03,19-JUN-1999->21-JUN-2000->30-JUN-2010,
ZFU0,future_series,ZF,U0,PJA 5YR NT Sep0->PJA 5YR TN Sep0->ace 5YR TN Sep0->5YR T NOTES SEP0,1999-06-22,,2010-09-30,2010-10-02,20-SEP-2000->30-SEP-2010,
ZFZ0,future_series,ZF,Z0,PJA 5YR NT Dec0->PJA 5YR TN Dec0->ace 5YR TN Dec0->5YR T NOTES DEC0,1999-09-22,,2010-12-31,2011-01-01,19-DEC-2000->31-DEC-2010,
ZLF0,future_series,ZL,F0,SOYBEAN OIL JAN0,2008-08-27,,2010-01-14,2010-01-16,14-JAN-2010,
ZLH0,future_series,ZL,H0,SOYBEAN OIL MAR0,2008-06-19,,2010-03-12,2010-03-13,12-MAR-2010,
ZLK0,future_series,ZL,K0,SOYBEAN OIL MAY0,2008-08-26,,2010-05-14,2010-05-15,14-MAY-2010,
ZLN0,future_series,ZL,N0,SOYBEAN OIL JUL0,2007-12-16,,2010-07-14,2010-07-14,14-JUL-2010,
ZLQ0,future_series,ZL,Q0,SOYBEAN OIL AUG0,2008-11-04,,2010-08-13,2010-08-14,13-AUG-2010,
ZLU0,future_series,ZL,U0,SOYBEAN OIL Sep0->SOYBEAN OIL SEP0,2000-08-25,,2010-09-14,2010-09-18,14-SEP-2000->14-SEP-2010,
ZLV0,future_series,ZL,V0,SOYBEAN OIL Oct0->SOYBEAN OIL OCT0,2000-08-25,,2010-10-14,2010-10-16,13-OCT-2000->14-OCT-2010,
ZLZ0,future_series,ZL,Z0,SOYBEAN OIL Dec0->SOYBEAN OIL DEC0,2000-08-25,,2010-12-14,2010-12-18,14-DEC-2000->14-DEC-2010,
ZMF0,future_series,ZM,F0,SOY MEAL JAN0,2008-08-26,,2010-01-14,2010-01-16,14-JAN-2010,
ZMH0,future_series,ZM,H0,SOY MEAL MAR0,2008-06-19,,2010-03-12,2010-03-13,12-MAR-2010,
ZMK0,future_series,ZM,K0,SOY MEAL MAY0,2008-08-26,,2010-05-14,2010-05-15,14-MAY-2010,
ZMN0,future_series,ZM,N0,SOY MEAL JUL0,2007-12-16,,2010-07-14,2010-07-17,14-JUL-2010,
ZMQ0,future_series,ZM,Q0,SOY MEAL AUG0,2008-11-04,,2010-08-13,2010-08-14,13-AUG-2010,
ZMU0,future_series,ZM,U0,SOY MEAL Sep0->SOY MEAL SEP0,2000-08-25,,2010-09-14,2010-09-18,14-SEP-2000->14-SEP-2010,
ZMV0,future_series,ZM,V0,SOY MEAL Oct0->SOY MEAL OCT0,2000-08-25,,2010-10-14,2010-10-23,13-OCT-2000->14-OCT-2010,
ZMZ0,future_series,ZM,Z0,SOY MEAL Dec0->SOY MEAL DEC0,2000-08-25,,2010-12-14,2010-12-18,14-DEC-2000->14-DEC-2010,
ZNH0,future_series,ZN,H0,PJA 10YR NT Mar0->10YR TNotes MAR0,1998-09-26,,2010-03-22,2010-04-03,22-MAR-2000->22-MAR-2010,
ZNM0,future_series,ZN,M0,PJA 10YR NT Jun0->10YR TNotes JUN0,1998-12-22,,2010-06-21,2010-06-26,21-JUN-2000->21-JUN-2010,
ZNU0,future_series,ZN,U0,PJA 10YR NT Sep0->PJA 10YR TN Sep0->ace 10YR TN Sep0->10YR TNotes SEP0,1999-06-22,,2010-06-21,2010-09-25,20-SEP-2000->21-SEP-2010,
ZNZ0,future_series,ZN,Z0,PJA 10YR NT Dec0->PJA 10YR TN Dec0->ace 10YR TN Dec0->10YR TNotes DEC0,1999-09-22,,2010-12-21,2010-12-25,19-DEC-2000->22-DEC-2010->21-DEC-2010,
ZSF0,future_series,ZS,F0,SOYBEANS JAN0,2008-08-18,,2010-01-14,2010-01-16,14-JAN-2010,
ZSH0,future_series,ZS,H0,SOYBEANS MAR0,2008-06-19,,2010-03-12,2010-03-13,12-MAR-2010,
ZSK0,future_series,ZS,K0,SOYBEANS MAY0,2008-08-26,,2010-05-14,2010-05-15,14-MAY-2010,
ZSN0,future_series,ZS,N0,SOYBEANS JUL0,2007-11-15,,2010-07-14,2010-07-17,14-JUL-2010,
ZSQ0,future_series,ZS,Q0,SOYBEANS AUG0,2008-11-04,,2010-08-13,2010-08-14,13-AUG-2010,
ZSU0,future_series,ZS,U0,SOYBEANS Sep0->SOYBEANS SEP0,2000-08-25,,2010-09-14,2010-09-18,14-SEP-2000->14-SEP-2010,
ZSX0,future_series,ZS,X0,SOYBEANS Nov0->SOYBEANS NOV0,2000-08-25,,2010-11-12,2010-11-13,14-NOV-2000->12-NOV-2010,
ZTH0,future_series,ZT,H0,PJA 2YR NT Mar0->2YR T-NOTES MAR0,1998-12-30,,2010-03-31,2010-04-03,31-MAR-2000->31-MAR-2010,
ZTM0,future_series,ZT,M0,PJA 2YR NT Jun0->2YR T-NOTES JUN0,1998-12-30,,2010-06-30,2010-07-03,30-JUN-2000->30-JUN-2010,
ZTU0,future_series,ZT,U0,PJA 2YR NT Sep0->ace 2YR NT Sep0->2YR T-NOTES SEP0,1999-06-29,,2010-09-30,2010-10-02,29-SEP-2000->30-SEP-2010,
ZTZ0,future_series,ZT,Z0,PJA 2YR NT Dec0->ace 2YR NT Dec0->2YR T-NOTES DEC0,1999-09-29,,2010-12-31,2011-01-01,29-DEC-2000->31-DEC-2010,
ZWH0,future_series,ZW,H0,WHEAT MAR0,2008-03-15,,2010-03-12,2010-03-13,12-MAR-2010,
ZWK0,future_series,ZW,K0,WHEAT MAY0,2008-12-17,,2010-05-14,2010-05-15,14-MAY-2010,
ZWN0,future_series,ZW,N0,WHEAT JUL0,2007-07-19,,2010-07-14,2010-07-17,14-JUL-2010,
ZWU0,future_series,ZW,U0,WHEAT Sep0->WHEAT SEP0,2000-08-25,,2010-09-14,2010-09-18,14-SEP-2000->14-SEP-2010,
ZWZ0,future_series,ZW,Z0,WHEAT Dec0->WHEAT DEC0,2000-08-25,,2010-12-14,2010-12-18,14-DEC-2000->14-DEC-2010,
AEXF1,future_series,AEX,F1,AEX FUT JAN1,2000-01-24,,2011-01-21,2011-01-22,19-JAN-2001->21-JAN-2011,.AEX
AEXG1,future_series,AEX,G1,AEX FUT FEB1,2000-11-17,,2011-02-18,2011-02-19,16-FEB-2001->18-FEB-2011,.AEX
AEXH1,future_series,AEX,H1,AEX FUT MAR1,2000-12-16,,2011-03-18,2011-03-19,16-MAR-2001->18-MAR-2011,.AEX
AEXJ1,future_series,AEX,J1,AEX FUT APR1,2000-04-20,,2011-04-15,2011-04-16,20-APR-2001->15-APR-2011,.AEX
AEXK1,future_series,AEX,K1,AEX FUT MAY1,2001-02-18,,2011-05-20,2011-05-21,18-MAY-2001->20-MAY-2011,.AEX
AEXM1,future_series,AEX,M1,AEX FUT JUN1,2001-03-17,,2011-06-17,2011-06-27,15-JUN-2001->17-JUN-2011,.AEX
AEXN1,future_series,AEX,N1,AEX FUT JUL1,2000-07-21,,2011-07-15,2011-07-15,20-JUL-2001->15-JUL-2011,.AEX
AEXQ1,future_series,AEX,Q1,AEX FUT AUG1,2001-05-21,,2011-08-19,2011-08-19,17-AUG-2001->19-AUG-2011,.AEX
AEXU1,future_series,AEX,U1,AEX FUT SEP1,2001-06-18,,2011-06-26,2011-06-27,21-SEP-2001->16-SEP-2011,.AEX
AEXV1,future_series,AEX,V1,AEX FUT OCT1,2000-10-20,,2001-10-19,2001-10-19,19-OCT-2001,
AEXX1,future_series,AEX,X1,AEX FUT NOV1,2001-08-20,,2001-11-16,2001-11-16,16-NOV-2001,
AEXZ1,future_series,AEX,Z1,AEX FUT DEC1,2001-09-21,,2011-12-16,2011-12-16,21-DEC-2001->16-DEC-2011,.AEX
AUBH1,future_series,AUB,H1,ULTRA BOND MAR1,2010-06-22,,2011-03-22,2011-03-26,22-MAR-2011,
AUBM1,future_series,AUB,M1,ULTRA BOND JUN1,2010-03-23,,2011-06-21,2011-06-25,21-JUN-2011,
AUBU1,future_series,AUB,U1,ULTRA BOND SEP1,2010-06-01,,2011-09-21,2011-09-21,21-SEP-2011,
AUBZ1,future_series,AUB,Z1,ULTRA BOND DEC1,2011-03-23,,2011-12-21,2011-12-21,21-DEC-2011,
BL2F1,future_series,BL2,F1,M.WHEAT EUR JAN1->M.WHEATEU JAN1,1999-09-13,,2011-01-10,2011-01-15,10-JAN-2001->10-JAN-2011,
BL2H1,future_series,BL2,H1,M.WHEAT EUR MAR1->M.WHEATEU MAR1,1999-11-11,,2011-03-10,2011-03-12,12-MAR-2001->10-MAR-2011,
BL2K1,future_series,BL2,K1,M.WHEAT EUR MAY1->M.WHEATEU MAY1,2000-01-11,,2011-05-10,2011-05-14,10-MAY-2001->10-MAY-2011,
BL2Q1,future_series,BL2,Q1,M.WHEAT EUR AUG1->M.WHEATEU AUG1,2010-01-12,,2011-08-10,2011-08-10,10-AUG-2011,
BL2X1,future_series,BL2,X1,M.WHEAT EUR NOV1->M.WHEATEU NOV1,2000-05-11,,2011-11-10,2011-11-10,12-NOV-2001->10-NOV-2011,
CCH1,future_series,CC,H1,COCOA Mar1->ICE COCOA MAR1,1999-03-17,,2011-03-16,2011-03-19,15-MAR-2001->16-MAR-2011,
CCK1,future_series,CC,K1,COCOA May1->ICE COCOA MAY1,1999-05-14,,2011-05-13,2011-05-14,15-MAY-2001->13-MAY-2011,
CCN1,future_series,CC,N1,COCOA Jul1->ICE COCOA JUL1,1999-07-16,,2011-07-14,2011-07-14,16-JUL-2001->14-JUL-2011,
CCU1,future_series,CC,U1,COCOA Sep1->ICE COCOA SEP1,1999-09-16,,2011-09-15,2011-06-27,13-SEP-2001->15-SEP-2011,
CCZ1,future_series,CC,Z1,COCOA Dec1->ICE COCOA DEC1,1999-12-16,,2011-12-14,2011-06-27,13-DEC-2001->11-DEC-2001->14-DEC-2011,
CGBH1,future_series,CGB,H1,10 YR BOND Mar1->CA 10YR BND MAR1,2000-03-23,,2011-03-25,2011-03-26,21-MAR-2001->16-MAR-2001->22-MAR-2011,
CGBM1,future_series,CGB,M1,10 YR BOND Jun1->CA 10YR BND JUN1,2000-10-04,,2011-06-24,2011-06-25,20-JUN-2001->15-JUN-2001->21-JUN-2011,
CGBU1,future_series,CGB,U1,10 YR BOND Sep1->CA 10YR BND SEP1,2001-03-06,,2011-09-21,2011-09-21,21-SEP-2001->19-SEP-2001->21-SEP-2011,
CGBZ1,future_series,CGB,Z1,10 YR BOND Dec1->CA 10YR BND DEC1,2001-03-22,,2011-12-19,2011-12-19,19-DEC-2001->19-DEC-2011,
CLF1,future_series,CL,F1,LIGHT CRUDE Jan1->LIGHT CRUDE JAN1,1998-08-21,,2010-12-20,2010-12-25,19-DEC-2000->22-DEC-2000->19-DEC-2000->22-DEC-2010->20-DEC-2010,
CLG1,future_series,CL,G1,LIGHT CRUDE Feb1->LIGHT CRUDE FEB1,1998-08-21,,2011-01-20,2011-01-22,22-JAN-2001->20-JAN-2011,
CLH1,future_series,CL,H1,LIGHT CRUDE Mar1->LIGHT CRUDE MAR1,1998-08-21,,2011-02-25,2011-02-26,20-FEB-2001->22-FEB-2011,
CLJ1,future_series,CL,J1,LIGHT CRUDE Apr1->LIGHT CRUDE APR1,1998-11-21,,2011-03-22,2011-03-26,20-MAR-2001->22-MAR-2011,
CLK1,future_series,CL,K1,LIGHT CRUDE May1->LIGHT CRUDE MAY1,1998-11-21,,2011-04-19,2011-04-23,20-APR-2001->20-APR-2011->19-APR-2011,
CLM1,future_series,CL,M1,LIGHT CRUDE Jun1->LIGHT CRUDE JUN1,1998-05-20,,2011-05-20,2011-05-21,22-MAY-2001->20-MAY-2011,
CLN1,future_series,CL,N1,LIGHT CRUDE Jul1->LIGHT CRUDE JUL1,1999-02-23,,2011-06-21,2011-06-25,20-JUN-2001->21-JUN-2011,
CLQ1,future_series,CL,Q1,LIGHT CRUDE AUG1->LIGHT CRUDE Aug1->LIGHT CRUDE AUG1,1999-02-23,,2011-07-20,2011-07-20,22-JUL-2001->20-JUL-2001->20-JUL-2011,
CLU1,future_series,CL,U1,LIGHT CRUDE SEP1->LIGHT CRUDE Sep1->LIGHT CRUDE SEP1,1999-02-23,,2011-08-22,2011-08-22,22-AUG-2001->21-AUG-2001->22-AUG-2011,
CLV1,future_series,CL,V1,LIGHT CRUDE Oct1->LIGHT CRUDE OCT1,1999-05-21,,2011-09-20,2011-09-20,20-SEP-2001->20-SEP-2011,
CLX1,future_series,CL,X1,LIGHT CRUDE Nov1->LIGHT CRUDE NOV1,1999-05-21,,2011-10-20,2011-10-20,22-OCT-2001->20-OCT-2011,
CLZ1,future_series,CL,Z1,LIGHT CRUDE Dec1->LIGHT CRUDE DEC1,1997-01-03,,2011-11-18,2011-11-18,->18-NOV-2011->21-NOV-2011->18-NOV-2011->21-NOV-2011->18-NOV-2011,
CTH1,future_series,CT,H1,COTTON NO 2 Mar1->ICE COT 2 MAR1,1999-03-10,,2011-03-09,2011-03-12,08-MAR-2001->09-MAR-2011,
CTK1,future_series,CT,K1,COTTON NO 2 May1->ICE COT 2 MAY1,1999-04-09,,2011-05-06,2011-05-07,08-MAY-2001->06-MAY-2011,
CTN1,future_series,CT,N1,COTTON NO 2 Jul1->ICE COT 2 JUL1,1999-05-07,,2011-07-07,2011-06-27,09-JUL-2001->07-JUL-2011,
CTV1,future_series,CT,V1,COTTON NO 2 Oct1->ICE COT 2 OCT1,1999-07-09,,2011-10-07,2011-10-07,09-OCT-2001->07-OCT-2011,
CTZ1,future_series,CT,Z1,COTTON NO 2 Dec1->ICE COT 2 DEC1,1999-09-09,,2011-12-07,2011-12-07,06-DEC-2001->04-DEC-2001->07-DEC-2011,
DMH1,future_series,DM,H1,DEUTSCHE MK Mar1->MIDC E-MINI MAR1,2000-06-20,,2011-03-18,2011-03-19,19-MAR-2001->18-MAR-2011,.IDX
DMM1,future_series,DM,M1,DEUTSCHE MK Jun1->MIDC E-MINI JUN1,2000-09-19,,2011-06-17,2011-06-25,18-JUN-2001->17-JUN-2011,.IDX
DMU1,future_series,DM,U1,DEUTSCHE MK Sep1->MIDC E-MINI SEP1,2000-12-19,,2011-09-16,2011-09-16,17-SEP-2001->19-SEP-2001->17-SEP-2001->16-SEP-2011,.IDX
DMZ1,future_series,DM,Z1,DEUTSCHE MK Dec1->MIDC E-MINI DEC1,2001-03-20,,2011-12-16,2011-06-27,17-DEC-2001->19-DEC-2001->17-DEC-2001->16-DEC-2011,.IDX
DXH1,future_series,DX,H1,FINEX INDEX Mar1->US DLR IDX Mar1->ICE DOLIDX MAR1,1999-12-16,,2011-03-18,2011-03-19,15-MAR-2001->21-MAR-2001->14-MAR-2011,.DXY
DXM1,future_series,DX,M1,FINEX INDEX Jun1->US DLR IDX Jun1->ICE DOLIDX JUN1,2000-06-22,,2011-06-13,2011-06-18,20-JUN-2001->18-JUN-2001->13-JUN-2011,.DXY
DXU1,future_series,DX,U1,FINEX INDEX Sep1->US DLR IDX Sep1->ICE DOLIDX SEP1,2000-09-21,,2011-09-19,2011-09-19,19-SEP-2001->17-SEP-2001->19-SEP-2011,.DXY
DXZ1,future_series,DX,Z1,FINEX INDEX Dec1->US DLR IDX Dec1->ICE DOLIDX DEC1,2000-12-21,,2011-12-19,2011-12-19,19-DEC-2001->17-DEC-2001->19-DEC-2011,.DXY
EDF1,future_series,ED,F1,3-MTH EURO$ Jan1->3M EURO$ JAN1,2000-07-15,,2011-01-17,2011-01-22,15-JAN-2001->17-JAN-2011,USD3MFSR=
EDG1,future_series,ED,G1,3-MTH EURO$ Feb1->3M EURO$ FEB1,2000-08-12,,2011-02-14,2011-02-19,16-FEB-2001->14-FEB-2011,USD3MFSR=
EDH1,future_series,ED,H1,3-MTH EURO$ Mar1->3-MTH EURO$ MAR1->3M EURO$ MAR1,1996-01-02,,2011-06-26,2011-06-27,->16-MAR-2011->14-MAR-2011->16-MAR-2011->14-MAR-2011->15-MAR-2021,LIUSD3MD=->USD3MFSR=
EDJ1,future_series,ED,J1,3-MTH EURO$ Apr1->3M EURO$ APR1,2000-10-14,,2011-04-18,2011-04-23,16-APR-2001->12-APR-2001->18-APR-2011,USD3MFSR=
EDK1,future_series,ED,K1,3-MTH EURO$ May1->3M EURO$ MAY1,2000-11-11,,2011-05-16,2011-05-21,14-MAY-2001->16-MAY-2011,USD3MFSR=
EDM1,future_series,ED,M1,3-MTH EURO$ Jun1->3-MTH EURO$ JUN1->3M EURO$ JUN1,1996-01-02,,2011-06-13,2011-06-27,18-JUN-2001->14-JUN-2011->15-JUN-2011->13-JUN-2011->14-JUN-2021,LIUSD3MD=->USD3MFSR=
EDN1,future_series,ED,N1,3-MTH EURO$ Jul1->3M EURO$ JUL1,2001-01-13,,2011-07-18,2011-07-18,16-JUL-2001->18-JUL-2011,USD3MFSR=
EDQ1,future_series,ED,Q1,3-MTH EURO$ Aug1->3M EURO$ AUG1,2001-02-17,,2011-08-15,2011-08-15,13-AUG-2001->15-AUG-2011,USD3MFSR=
EDU1,future_series,ED,U1,3-MTH EURO$ Sep1->3-MTH EURO$ SEP1->3M EURO$ SEP1,1996-01-02,,2011-09-15,2011-09-15,17-SEP-2001->19-SEP-2011,LIUSD3MD=->USD3MFSR=
EDV1,future_series,ED,V1,3-MTH EURO$ Oct1->3M EURO$ OCT1,2001-04-13,,2011-10-17,2011-10-17,15-OCT-2001->17-OCT-2011,USD3MFSR=
EDX1,future_series,ED,X1,3-MTH EURO$ Nov1->3M EURO$ NOV1,2001-05-12,,2011-11-14,2011-11-14,19-NOV-2001->14-NOV-2011,USD3MFSR=
EDZ1,future_series,ED,Z1,3-MTH EURO$ Dec1->3-MTH EURO$ DEC1->3M EURO$ DEC1,1996-01-02,,2011-12-19,2011-12-19,17-DEC-2001->19-DEC-2011,LIUSD3MD=->USD3MFSR=
EMXH1,future_series,EMX,H1,EMINI EMI MAR1,2010-02-08,,2011-03-18,2011-03-19,18-MAR-2011,.EMS
EMXM1,future_series,EMX,M1,EMINI EMI JUN1,2010-02-08,,2011-06-17,2011-06-20,17-JUN-2011,.EMS
EMXU1,future_series,EMX,U1,EMINI EMI SEP1,2010-03-22,,2011-09-16,2011-09-16,16-SEP-2011,.EMS
EMXZ1,future_series,EMX,Z1,EMINI EMI DEC1,2010-06-19,,2011-12-16,2011-12-16,16-DEC-2011,.EMS
ESH1,future_series,ES,H1,E-MINI S&P Mar1->E-MINI S&P MAR1->EMINI S&P MAR1,2000-09-16,,2011-03-18,2011-03-19,16-MAR-2001->18-MAR-2011,.INX->.SPX
ESM1,future_series,ES,M1,E-MINI S&P Jun1->E-MINI S&P JUN1->EMINI S&P JUN1,2000-12-15,,2011-06-17,2011-06-20,15-JUN-2001->17-JUN-2011,.INX->.SPX->.INX->.SPX
ESU1,future_series,ES,U1,E-MINI S&P Sep1->E-MINI S&P SEP1->EMINI S&P SEP1,2001-03-17,,2011-09-16,2011-09-16,21-SEP-2001->16-SEP-2011,.INX->.SPX->.INX->.SPX
ESZ1,future_series,ES,Z1,E-MINI S&P Dec1->EMINI S&P DEC1,2001-06-04,,2011-12-16,2011-12-16,21-DEC-2001->16-DEC-2011,.INX->.SPX->.INX->.SPX
FBTPH1,future_series,FBTP,H1,BTP 6% MAR1,2010-06-08,,2011-03-08,2011-03-12,08-MAR-2011,
FBTPM1,future_series,FBTP,M1,BTP 6% JUN1,2010-09-08,,2011-06-08,2011-06-11,08-JUN-2011,
FBTPU1,future_series,FBTP,U1,BTP 6% SEP1,2010-12-08,,2011-09-08,2011-09-08,08-SEP-2011,
FBTPZ1,future_series,FBTP,Z1,BTP 6% DEC1,2011-03-08,,2011-12-08,2011-12-08,08-DEC-2011,
FCF1,future_series,FC,F1,FDR CATTLE Jan1->FDR CATTLE JAN1,2000-01-28,,2011-01-27,2011-01-29,25-JAN-2001->27-JAN-2011,
FCH1,future_series,FC,H1,FDR CATTLE Mar1->FDR CATTLE MAR1,2000-03-31,,2011-03-31,2011-04-02,29-MAR-2001->31-MAR-2011,
FCJ1,future_series,FC,J1,FDR CATTLE Apr1->FDR CATTLE APR1,2000-04-21,,2011-04-21,2011-04-23,26-APR-2001->21-APR-2011,
FCK1,future_series,FC,K1,FDR CATTLE May1->FDR CATTLE MAY1,2000-05-26,,2011-05-26,2011-06-25,31-MAY-2001->26-MAY-2011,
FCQ1,future_series,FC,Q1,FDR CATTLE Aug1->FDR CATTLE AUG1,2000-09-01,,2011-10-25,2011-10-25,30-AUG-2001->25-AUG-2011,
FCU1,future_series,FC,U1,FDR CATTLE Sep1->FDR CATTLE SEP1,2000-09-29,,2011-09-29,2011-09-29,27-SEP-2001->29-SEP-2011,
FCV1,future_series,FC,V1,FDR CATTLE Oct1->FDR CATTLE OCT1,2000-10-27,,2011-10-27,2011-10-27,25-OCT-2001->27-OCT-2011,
FCX1,future_series,FC,X1,FDR CATTLE Nov1->FDR CATTLE NOV1,2000-11-17,,2011-11-17,2011-11-17,15-NOV-2001->17-NOV-2011,
FCEF1,future_series,FCE,F1,CAC 40 JAN1->CAC 40JAN1,2000-10-31,,2011-01-21,2011-01-22,31-JAN-2001->21-JAN-2011,.FCHI
FCEG1,future_series,FCE,G1,CAC 40 FEB1->CAC 40FEB1,2000-11-30,,2011-02-18,2011-02-19,28-FEB-2001->18-FEB-2011,.FCHI
FCEH1,future_series,FCE,H1,CAC 40 MAR1->CAC 40MAR1,1999-04-01,,2011-03-18,2011-03-19,31-MAR-2000->31-MAR-2001->30-MAR-2001->18-MAR-2011,.FCHI
FCEJ1,future_series,FCE,J1,CAC 40 APR1->CAC 40APR1,2001-01-31,,2011-04-15,2011-04-16,30-APR-2001->15-APR-2011,.FCHI
FCEK1,future_series,FCE,K1,CAC 40 MAY1->CAC 40MAY1,2001-03-01,,2011-05-20,2011-05-21,31-MAY-2001->20-MAY-2011,.FCHI
FCEM1,future_series,FCE,M1,CAC 40 JUN1->CAC 40JUN1,2000-06-30,,2011-06-17,2011-06-18,30-JUN-2001->29-JUN-2001->17-JUN-2011,.FCHI
FCEN1,future_series,FCE,N1,CAC 40 JUL1->DJAIG En.->CAC 40JUL1,2001-04-30,,2011-07-15,2011-07-15,31-JUL-2001->15-JUL-2011,
FCEQ1,future_series,FCE,Q1,CAC 40 AUG1->CAC 40AUG1,2001-06-01,,2011-08-19,2011-08-19,31-AUG-2001->19-AUG-2011,.FCHI
FCEU1,future_series,FCE,U1,CAC 40 SEP1->CAC 40SEP1,1999-09-30,,2011-09-16,2011-09-16,30-SEP-2001->28-SEP-2001->16-SEP-2011,.FCHI
FCEV1,future_series,FCE,V1,CAC 40 OCT1,2001-07-31,,2001-10-31,2001-11-01,31-OCT-2001,
FCEX1,future_series,FCE,X1,CAC 40 NOV1,2001-08-31,,2001-11-30,2001-12-03,30-NOV-2001,
FCEZ1,future_series,FCE,Z1,CAC 40 DEC1->CAC 40DEC1,2000-12-29,,2011-12-16,2011-06-27,28-DEC-2001->16-DEC-2011,.FCHI
FDXH1,future_series,FDX,H1,DAX INDEX MAR1,2000-06-16,,2011-03-18,2011-03-20,16-MAR-2001->18-MAR-2011,.GDAXI
FDXM1,future_series,FDX,M1,DAX INDEX JUN1,2000-09-14,,2011-06-17,2011-06-18,15-JUN-2001->17-JUN-2011,.GDAXI
FDXU1,future_series,FDX,U1,DAX INDEX SEP1,2000-12-15,,2011-09-16,2011-09-16,21-SEP-2001->16-SEP-2011,.GDAXI
FDXZ1,future_series,FDX,Z1,DAX INDEX DEC1,2001-03-16,,2011-12-16,2011-12-16,21-DEC-2001->16-DEC-2011,.GDAXI
FFIH1,future_series,FFI,H1,FTSE INDEX MAR1->FTSE IDX MAR1,2000-06-16,,2011-03-25,2011-03-26,16-MAR-2001->18-MAR-2011,.FTSE
FFIM1,future_series,FFI,M1,FTSE INDEX JUN1->FTSE IDX JUN1->FTSE INDEX JUN1,2000-09-15,,2011-06-17,2011-06-18,15-JUN-2001->17-JUN-2011,.FTSE
FFIU1,future_series,FFI,U1,FTSE INDEX SEP1,2000-12-17,,2011-09-16,2011-09-16,21-SEP-2001->16-SEP-2011,.FTSE
FFIZ1,future_series,FFI,Z1,FTSE INDEX DEC1,2001-03-16,,2011-12-16,2011-12-16,21-DEC-2001->16-DEC-2011,.FTSE
FGBLH1,future_series,FGBL,H1,EURO BUND MAR1->BUND FUT 6% MAR1,2000-06-07,,2011-03-11,2011-03-12,08-MAR-2001->08-MAR-2011,
FGBLM1,future_series,FGBL,M1,BUND FUT 6% JUN1,2000-09-07,,2011-06-10,2011-06-11,07-JUN-2001->08-JUN-2011,
FGBLU1,future_series,FGBL,U1,BUND FUT 6% SEP1,2000-12-07,,2011-09-08,2011-09-08,06-SEP-2001->08-SEP-2011,
FGBLZ1,future_series,FGBL,Z1,BUND FUT 6% DEC1,2001-03-10,,2011-12-08,2011-12-08,06-DEC-2001->08-DEC-2011,
FGBMH1,future_series,FGBM,H1,EURO BOBL MAR1->BOBL FUT 6% MAR1,2000-06-07,,2011-03-08,2011-03-12,08-MAR-2001->08-MAR-2011,
FGBMM1,future_series,FGBM,M1,BOBL FUT 6% JUN1,2000-09-07,,2011-06-08,2011-06-11,07-JUN-2001->08-JUN-2011,
FGBMU1,future_series,FGBM,U1,BOBL FUT 6% SEP1,2000-12-07,,2011-09-08,2011-09-08,06-SEP-2001->08-SEP-2011,
FGBMZ1,future_series,FGBM,Z1,BOBL FUT 6% DEC1,2001-03-10,,2011-12-08,2011-06-27,06-DEC-2001->08-DEC-2011,
FGBSH1,future_series,FGBS,H1,EURO SCHATZ MAR1->SCHATZ 6% MAR01->SCHATZ 6% MAR1,2000-06-07,,2011-03-08,2011-03-12,08-MAR-2001->08-MAR-2011,
FGBSM1,future_series,FGBS,M1,SCHATZ 6% JUN01->SCHATZ 6% JUN1,2000-09-07,,2011-06-08,2011-06-11,07-JUN-2001->08-JUN-2011,
FGBSU1,future_series,FGBS,U1,SCHATZ 6% SEP01->SCHATZ 6% SEP1,2000-12-07,,2011-09-08,2011-09-08,06-SEP-2001->08-SEP-2011,
FGBSZ1,future_series,FGBS,Z1,SCHATZ 6% DEC01->SCHATZ 6% DEC1,2001-03-10,,2011-12-08,2011-12-08,06-DEC-2001->08-DEC-2011,
FGBXH1,future_series,FGBX,H1,EUR BUXL 4% MAR1,2010-06-08,,2011-03-08,2011-03-12,08-MAR-2011,
FGBXM1,future_series,FGBX,M1,EUR BUXL 4% JUN1,2010-09-08,,2011-06-08,2011-06-11,08-JUN-2011,
FGBXU1,future_series,FGBX,U1,EUR BUXL 4% SEP1,2010-12-08,,2011-09-08,2011-09-08,08-SEP-2011,
FGBXZ1,future_series,FGBX,Z1,EUR BUXL 4% DEC1,2011-03-08,,2011-12-08,2011-12-08,08-DEC-2011,
FLGH1,future_series,FLG,H1,LONG GILT MAR1,2000-06-28,,2011-03-29,2011-04-02,28-MAR-2001->29-MAR-2011,
FLGM1,future_series,FLG,M1,LONG GILT JUN1,2000-09-27,,2011-06-28,2011-06-27,28-JUN-2001->27-JUN-2001->28-JUN-2011,
FLGU1,future_series,FLG,U1,LONG GILT SEP1,2000-12-27,,2011-09-28,2011-09-28,29-SEP-2001->26-SEP-2001->28-SEP-2011,
FLGZ1,future_series,FLG,Z1,LONG GILT DEC1,2001-03-28,,2011-12-28,2011-12-28,27-DEC-2001->28-DEC-2011,
GH1,future_series,G,H1,SHORT GILT MAR1->SHRT GILT MAR1,2010-06-29,,2011-03-29,2011-04-02,29-MAR-2011,
GM1,future_series,G,M1,SHORT GILT JUN1,2010-09-29,,2011-06-28,2011-06-28,28-JUN-2011,
GU1,future_series,G,U1,SHORT GILT SEP1,2010-12-30,,2011-06-26,2011-06-27,28-SEP-2011,
GZ1,future_series,G,Z1,SHORT GILT DEC1,2011-03-30,,2011-06-25,2011-06-26,28-DEC-2011,
GCF1,future_series,GC,F1,100 OZ GOLD Jan1->100 OZ GOLD JAN1,2000-10-28,,2011-01-27,2011-01-29,29-JAN-2001->27-JAN-2011,
GCG1,future_series,GC,G1,100 OZ GOLD Feb1->100 OZ GOLD FEB1,1999-03-30,,2011-02-24,2011-02-26,27-FEB-2001->26-FEB-2001->24-FEB-2011,
GCH1,future_series,GC,H1,100 OZ GOLD Mar1->100 OZ GOLD MAR1,2000-12-28,,2011-03-27,2011-04-02,28-MAR-2001->29-MAR-2011,
GCJ1,future_series,GC,J1,100 OZ GOLD Apr1->100 OZ GOLD APR1,1999-05-27,,2011-04-27,2011-04-30,26-APR-2001->27-APR-2011,
GCK1,future_series,GC,K1,100 OZ GOLD May1->100 OZ GOLD MAY1,2001-02-27,,2011-05-26,2011-05-28,29-MAY-2001->26-MAY-2011,
GCM1,future_series,GC,M1,100 OZ GOLD Jun1->100 OZ GOLD JUN1,1996-06-27,,2011-06-28,2011-06-27,27-JUN-2001->28-JUN-2011,
GCN1,future_series,GC,N1,100 OZ GOLD Jul1->100 OZ GOLD JUL1,2001-04-27,,2011-06-26,2011-06-27,27-JUL-2001->27-JUL-2011,
GCQ1,future_series,GC,Q1,100 OZ GOLD Aug1->100 OZ GOLD AUG1,1999-09-29,,2011-06-26,2011-06-27,29-AUG-2001->29-AUG-2011,
GCU1,future_series,GC,U1,100 OZ GOLD Sep1,2001-06-28,,2001-09-26,2001-09-27,26-SEP-2001,
GCV1,future_series,GC,V1,100 OZ GOLD Oct1->100 OZ GOLD OCT1,1999-11-25,,2011-06-26,2011-06-27,29-OCT-2001->27-OCT-2011,
GCX1,future_series,GC,X1,100 OZ GOLD Nov1,2001-08-30,,2001-11-28,2001-11-29,28-NOV-2001,
GCZ1,future_series,GC,Z1,100 OZ GOLD Dec1->100 OZ GOLD DEC1,1996-12-28,,2011-06-26,2011-06-27,27-DEC-2001->28-DEC-2011,
GEF1,future_series,GE,F1,3-MTH EURO$ Jan1->3-MTH EURO$ JAN1,2000-07-15,,2011-01-27,2011-01-22,15-JAN-2001->17-JAN-2011,LIUSD3MD=^I09->USD3MFSR=
GEG1,future_series,GE,G1,3-MTH EURO$ Feb1->3-MTH EURO$ FEB1,2000-08-12,,2011-02-14,2011-02-19,16-FEB-2001->14-FEB-2011,LIUSD3MD=^I09->USD3MFSR=
GEH1,future_series,GE,H1,3-MTH EURO$ Mar1->3-MTH EURO$ MAR1,1999-07-02,,2011-03-16,2011-06-26,19-MAR-2001->16-MAR-2011->14-MAR-2011->15-MAR-2021,LIUSD3MD=->USD3MFSR=->USD3MD=->USD3MFSR=
GEJ1,future_series,GE,J1,3-MTH EURO$ Apr1->3-MTH EURO$ APR1,2000-10-17,,2011-04-18,2011-04-23,16-APR-2001->18-APR-2011,USD3MFSR=
GEK1,future_series,GE,K1,3-MTH EURO$ May1->3-MTH EURO$ MAY1,2000-11-11,,2011-05-16,2011-05-21,14-MAY-2001->16-MAY-2011,USD3MFSR=
GEM1,future_series,GE,M1,3-MTH EURO$ Jun1->3-MTH EURO$ JUN1,1999-07-02,,2011-06-13,2011-06-26,18-JUN-2001->14-JUN-2011->15-JUN-2011->13-JUN-2011->14-JUN-2021,LIUSD3MD=->USD3MFSR=->USD3MD=->USD3MFSR=
GEN1,future_series,GE,N1,3-MTH EURO$ Jul1->3-MTH EURO$ JUL1,2001-01-13,,2011-06-26,2011-06-27,16-JUL-2001->18-JUL-2011,USD3MFSR=
GEQ1,future_series,GE,Q1,3-MTH EURO$ Aug1->3-MTH EURO$ AUG1,2001-02-17,,2011-06-26,2011-06-27,13-AUG-2001->15-AUG-2011,USD3MFSR=
GEU1,future_series,GE,U1,3-MTH EURO$ Sep1->3-MTH EURO$ SEP1,1999-07-02,,2011-06-26,2011-06-27,17-SEP-2001->19-SEP-2011,LIUSD3MD=->USD3MFSR=->USD3MD=->USD3MFSR=
GEV1,future_series,GE,V1,3-MTH EURO$ Oct1->3-MTH EURO$ OCT1,2001-04-17,,2011-06-25,2011-06-26,15-OCT-2001->17-OCT-2011,USD3MFSR=
GEX1,future_series,GE,X1,3-MTH EURO$ Nov1->3-MTH EURO$ NOV1,2001-05-12,,2011-06-25,2011-06-26,19-NOV-2001->14-NOV-2011,USD3MFSR=
GEZ1,future_series,GE,Z1,3-MTH EURO$ Dec1->3-MTH EURO$ DEC1,1999-07-02,,2011-06-26,2011-06-27,17-DEC-2001->19-DEC-2011,LIUSD3MD=->USD3MFSR=->USD3MD=->USD3MFSR=
HH1,future_series,H,H1,MED GILT MAR1,2010-06-29,,2011-03-29,2011-04-02,29-MAR-2011,
HM1,future_series,H,M1,MED GILT JUN1,2010-09-29,,2011-06-28,2011-06-27,28-JUN-2011,
HU1,future_series,H,U1,MED GILT SEP1,2010-12-30,,2011-09-28,2011-09-28,28-SEP-2011,
HZ1,future_series,H,Z1,MED GILT DEC1,2011-03-30,,2011-12-28,2011-12-28,28-DEC-2011,
HGF1,future_series,HG,F1,HG COPPER Jan1->HG COPPER JAN1,1999-01-28,,2011-01-27,2011-01-29,29-JAN-2001->27-JAN-2011,
HGG1,future_series,HG,G1,HG COPPER Feb1->HG COPPER FEB1,1999-02-25,,2011-02-24,2011-02-26,27-FEB-2001->26-FEB-2001->24-FEB-2011,
HGH1,future_series,HG,H1,HG COPPER Mar1->HG COPPER MAR1,1999-03-30,,2011-03-29,2011-04-02,28-MAR-2001->29-MAR-2011,
HGJ1,future_series,HG,J1,HG COPPER Apr1->HG COPPER APR1,1999-04-29,,2011-03-27,2011-04-30,26-APR-2001->27-APR-2011,
HGK1,future_series,HG,K1,HG COPPER May1->HG COPPER MAY1,1999-05-27,,2011-05-26,2011-05-28,29-MAY-2001->26-MAY-2011,
HGM1,future_series,HG,M1,HG COPPER Jun1->HG COPPER JUN1,1999-06-29,,2011-06-28,2011-06-27,27-JUN-2001->28-JUN-2011,
HGN1,future_series,HG,N1,HG COPPER Jul1->HG COPPER JUL1,1999-07-29,,2011-07-27,2011-07-27,27-JUL-2001->27-JUL-2011,
HGQ1,future_series,HG,Q1,HG COPPER Aug1->HG COPPER AUG1,1999-08-28,,2011-08-29,2011-08-29,29-AUG-2001->29-AUG-2011,
HGU1,future_series,HG,U1,HG COPPER Sep1->HG COPPER SEP1,1999-09-29,,2011-09-28,2011-09-28,26-SEP-2001->28-SEP-2011,
HGV1,future_series,HG,V1,HG COPPER Oct1->HG COPPER OCT1,1999-10-28,,2011-10-27,2011-10-27,29-OCT-2001->27-OCT-2011,
HGX1,future_series,HG,X1,HG COPPER Nov1->HG COPPER NOV1,1999-11-25,,2011-11-28,2011-11-28,28-NOV-2001->28-NOV-2011,
HGZ1,future_series,HG,Z1,HG COPPER Dec1->HG COPPER DEC1,1999-12-29,,2011-12-28,2011-12-28,26-DEC-2001->27-DEC-2001->28-DEC-2011,
HOF1,future_series,HO,F1,NO 2 HT OIL Jan1->NO 2 HT OIL JAN1,1999-07-01,,2010-12-31,2010-12-31,29-DEC-2000->30-DEC-2010->31-DEC-2010,
HOG1,future_series,HO,G1,NO 2 HT OIL Feb1->NO 2 HT OIL FEB1,1999-07-31,,2011-01-31,2011-02-05,31-JAN-2001->31-JAN-2011,
HOH1,future_series,HO,H1,NO 2 HT OIL Mar1->NO 2 HT OIL MAR1,1999-09-01,,2011-02-28,2011-03-05,01-MAR-2001->28-FEB-2001->28-FEB-2011,
HOJ1,future_series,HO,J1,NO 2 HT OIL Apr1->NO 2 HT OIL APR1,1999-10-01,,2011-03-31,2011-04-02,30-MAR-2001->28-MAR-2001->30-MAR-2001->31-MAR-2011,
HOK1,future_series,HO,K1,NO 2 HT OIL May1->NO 2 HT OIL MAY1,1999-10-30,,2011-04-29,2011-05-02,30-APR-2001->29-APR-2011,
HOM1,future_series,HO,M1,NO 2 HT OIL Jun1->NO 2 HT OIL JUN1,1999-12-01,,2011-05-31,2011-06-04,31-MAY-2001->31-MAY-2011,
HON1,future_series,HO,N1,NO 2 HT OIL Jul1->NO 2 HT OIL JUL1,1999-12-31,,2011-06-30,2011-06-30,29-JUN-2001->30-JUN-2011,
HOQ1,future_series,HO,Q1,NO 2 HT OIL Aug1->NO 2 HT OIL AUG1,2000-02-01,,2011-07-29,2011-07-29,31-JUL-2001->29-JUL-2011,
HOU1,future_series,HO,U1,NO 2 HT OIL Sep1->NO 2 HT OIL SEP1,2000-03-01,,2011-08-31,2011-08-31,31-AUG-2001->31-AUG-2011,
HOV1,future_series,HO,V1,NO 2 HT OIL Oct1->NO 2 HT OIL OCT1,2000-04-01,,2011-09-30,2011-09-30,28-SEP-2001->30-SEP-2011,
HOX1,future_series,HO,X1,NO 2 HT OIL Nov1->NO 2 HT OIL NOV1,2000-04-29,,2011-10-31,2011-10-31,31-OCT-2001->31-OCT-2011,
HOZ1,future_series,HO,Z1,NO 2 HT OIL Dec1->NO 2 HT OIL DEC1,2000-06-01,,2011-11-30,2011-11-30,30-NOV-2001->30-NOV-2011,
JYH1,future_series,JY,H1,JPANESE YEN Mar1->JPANESE YEN MAR1,1999-09-14,,2011-03-14,2011-03-19,19-MAR-2001->14-MAR-2011,JPY=->USDJPYFIX=FBNY->JPY=->USDJPYFIX=FBNY->JPY=
JYM1,future_series,JY,M1,JPANESE YEN Jun1->JPANESE YEN JUN1,1999-12-14,,2011-06-13,2011-06-25,18-JUN-2001->13-JUN-2011,USDJPYFIX=FBNY->JPY=->USDJPYFIX=FBNY->JPY=
JYU1,future_series,JY,U1,JPANESE YEN Sep1->JPANESE YEN SEP1,2000-03-14,,2011-09-19,2011-09-19,17-SEP-2001->19-SEP-2001->17-SEP-2001->19-SEP-2011,USDJPYFIX=FBNY->JPY=
JYZ1,future_series,JY,Z1,JPANESE YEN Dec1->JPANESE YEN DEC1,2000-06-20,,2011-12-19,2011-12-19,17-DEC-2001->19-DEC-2001->17-DEC-2001->19-DEC-2011,USDJPYFIX=FBNY->JPY=
KEH1,future_series,KE,H1,WHEAT MAR1,2008-05-15,,2011-03-14,2011-03-19,14-MAR-2011,
KEK1,future_series,KE,K1,WHEAT MAY1,2008-07-15,,2011-05-13,2011-05-14,13-MAY-2011,
KEN1,future_series,KE,N1,WHEAT JUL1,2008-09-13,,2011-06-14,2011-06-14,14-JUL-2011,
KEU1,future_series,KE,U1,WHEAT SEP1,2008-12-14,,2011-09-14,2011-09-14,14-SEP-2011,
KEZ1,future_series,KE,Z1,WHEAT DEC1,2009-03-14,,2011-12-14,2011-12-14,14-DEC-2011,
LCG1,future_series,LC,G1,LIVE CATTLE Feb1->LIVE CATTLE FEB1,1999-10-30,,2011-02-28,2011-03-05,28-FEB-2001->28-FEB-2011,
LCJ1,future_series,LC,J1,LIVE CATTLE Apr1->LIVE CATTLE APR1,2000-03-01,,2011-04-29,2011-06-04,30-APR-2001->29-APR-2011,
LCM1,future_series,LC,M1,LIVE CATTLE Jun1->LIVE CATTLE JUN1,2000-04-29,,2011-06-30,2011-06-30,29-JUN-2001->30-JUN-2011,
LCQ1,future_series,LC,Q1,LIVE CATTLE Aug1->LIVE CATTLE AUG1,2000-07-07,,2011-08-31,2011-08-31,31-AUG-2001->31-AUG-2011,
LCV1,future_series,LC,V1,LIVE CATTLE Oct1->LIVE CATTLE OCT1,2000-09-01,,2011-10-31,2011-10-31,31-OCT-2001->31-OCT-2011,
LCZ1,future_series,LC,Z1,LIVE CATTLE Dec1->LIVE CATTLE DEC1,2000-11-01,,2011-12-30,2011-12-30,31-DEC-2001->30-DEC-2011,
LCOF1,future_series,LCO,F1,BRENT CRUDE JAN1,1999-12-17,,2010-12-16,2010-12-17,14-DEC-2000->16-DEC-2010,
LCOG1,future_series,LCO,G1,BRENT CRUDE FEB1,2000-01-17,,2011-01-14,2011-01-17,16-JAN-2000->16-JAN-2001->14-JAN-2011,
LCOH1,future_series,LCO,H1,BRENT CRUDE MAR1,1999-02-19,,2011-02-11,2011-02-12,13-FEB-2001->11-FEB-2011,
LCOJ1,future_series,LCO,J1,BRENT CRUDE APR1,2000-03-16,,2011-03-16,2011-03-19,15-MAR-2001->16-MAR-2011,
LCOK1,future_series,LCO,K1,BRENT CRUDE MAY1,2000-04-14,,2011-04-14,2011-04-16,11-APR-2001->14-APR-2011,
LCOM1,future_series,LCO,M1,BRENT CRUDE JUN1,1998-05-14,,2011-05-16,2011-05-21,16-MAY-2001->16-MAY-2011,
LCON1,future_series,LCO,N1,BRENT CRUDE JUL1,2000-06-16,,2011-06-15,2011-06-18,14-JUN-2001->15-JUN-2011,
LCOQ1,future_series,LCO,Q1,BRENT CRUDE AUG1,2000-07-17,,2011-07-14,2011-07-14,16-JUL-2001->14-JUL-2011,
LCOU1,future_series,LCO,U1,BRENT CRUDE SEP1,1999-08-20,,2011-08-16,2011-08-16,16-AUG-2001->16-AUG-2011,
LCOV1,future_series,LCO,V1,BRENT CRUDE OCT1,2000-09-15,,2011-09-15,2011-09-15,13-SEP-2001->15-SEP-2011,
LCOX1,future_series,LCO,X1,BRENT CRUDE NOV1,2000-10-16,,2011-10-14,2011-10-14,16-OCT-2001->14-OCT-2011,
LCOZ1,future_series,LCO,Z1,BRENT CRUDE DEC1,1998-08-17,,2011-10-15,2011-10-15,15-NOV-2001->15-NOV-2011,
LGOF1,future_series,LGO,F1,GAS OIL JAN1,2000-01-12,,2011-01-12,2011-01-15,11-JAN-2001->12-JAN-2011,
LGOG1,future_series,LGO,G1,GAS OIL FEB1,2000-02-10,,2011-02-10,2011-02-11,12-FEB-2001->10-FEB-2011,
LGOH1,future_series,LGO,H1,GAS OIL MAR1,1999-09-11,,2011-03-10,2011-03-12,12-MAR-2001->10-MAR-2011,
LGOJ1,future_series,LGO,J1,GAS OIL APR1,2000-04-13,,2011-04-12,2011-04-15,11-APR-2001->12-APR-2011,
LGOK1,future_series,LGO,K1,GAS OIL MAY1,2000-05-11,,2011-05-12,2011-05-14,10-MAY-2001->12-MAY-2011,
LGOM1,future_series,LGO,M1,GAS OIL JUN1,1999-10-01,,2011-06-10,2011-06-11,12-JUN-2001->10-JUN-2011,
LGON1,future_series,LGO,N1,GAS OIL JUL1,2000-07-12,,2011-07-12,2011-07-12,12-JUL-2001->12-JUL-2011,
LGOQ1,future_series,LGO,Q1,GAS OIL AUG1,2000-08-11,,2011-08-11,2011-08-11,10-AUG-2001->11-AUG-2011,
LGOU1,future_series,LGO,U1,GAS OIL SEP1,1999-10-01,,2011-09-12,2011-09-12,12-SEP-2001->12-SEP-2011,
LGOV1,future_series,LGO,V1,GAS OIL OCT1,2000-10-12,,2011-10-12,2011-10-12,11-OCT-2001->12-OCT-2011,
LGOX1,future_series,LGO,X1,GAS OIL NOV1,2000-11-10,,2011-11-10,2011-11-10,12-NOV-2001->10-NOV-2011,
LGOZ1,future_series,LGO,Z1,GAS OIL DEC1,1999-10-01,,2011-12-12,2011-12-12,12-DEC-2001->12-DEC-2011,
LSUH1,future_series,LSU,H1,SUGAR NO5 MAR1,1999-09-16,,2011-02-11,2011-02-13,13-FEB-2001->11-FEB-2011,
LSUK1,future_series,LSU,K1,SUGAR NO5 MAY1,1999-11-15,,2011-04-29,2011-04-30,12-APR-2001->15-APR-2011,
LSUQ1,future_series,LSU,Q1,SUGAR NO5 AUG1,2000-02-15,,2011-07-15,2011-07-15,16-JUL-2001->16-JUL-2011->15-JUL-2011,
LSUV1,future_series,LSU,V1,SUGAR NO5 OCT1,2000-04-15,,2011-09-15,2011-09-15,14-SEP-2001->15-SEP-2011,
LSUZ1,future_series,LSU,Z1,SUGAR NO5 DEC1,2000-07-17,,2011-06-26,2011-06-27,16-NOV-2001->15-NOV-2001->15-NOV-2011,
MCIH1,future_series,MCI,H1,E-MIN MSCI MAR1->EMIN MSCI MAR1,2010-02-09,,2011-03-18,2011-03-19,18-MAR-2011,.EFD
MCIM1,future_series,MCI,M1,E-MIN MSCI JUN1->EMIN MSCI JUN1,2010-02-09,,2011-06-17,2011-06-20,17-JUN-2011,.EFD
MCIU1,future_series,MCI,U1,E-MIN MSCI SEP1->EMIN MSCI SEP1,2010-03-23,,2011-09-16,2011-09-16,16-SEP-2011,.EFD
MCIZ1,future_series,MCI,Z1,E-MIN MSCI DEC1->EMIN MSCI DEC1,2010-06-19,,2011-12-16,2011-12-16,16-DEC-2011,.EFD
MWEH1,future_series,MWE,H1,SPG WHT MAR1,2009-03-14,,2011-03-14,2011-03-19,14-MAR-2011,
MWEK1,future_series,MWE,K1,SPG WHT MAY1,2009-05-15,,2011-05-13,2011-05-14,13-MAY-2011,
MWEN1,future_series,MWE,N1,SPG WHT JUL1,2009-07-15,,2011-07-14,2011-07-14,14-JUL-2011,
MWEU1,future_series,MWE,U1,SPG WHT SEP1,2009-09-15,,2011-09-14,2011-09-14,14-SEP-2011,
MWEZ1,future_series,MWE,Z1,SPG WHT DEC1,2009-12-15,,2011-12-14,2011-12-14,14-DEC-2011,
NGF1,future_series,NG,F1,NATURAL GAS Jan1->NATURAL GAS JAN1->NAT GAS JAN11,1997-12-30,,2010-12-28,2010-12-31,27-DEC-2000->28-DEC-2010->29-DEC-2010->28-DEC-2010,
NGG1,future_series,NG,G1,NATURAL GAS Feb1->NATURAL GAS FEB1->NAT GAS FEB11,1998-01-29,,2011-01-27,2011-01-29,29-JAN-2001->26-JAN-2011->27-JAN-2011,
NGH1,future_series,NG,H1,NATURAL GAS Mar1->NATURAL GAS MAR1->NAT GAS MAR11,1998-02-26,,2011-02-24,2011-02-26,26-FEB-2001->24-FEB-2011->23-FEB-2011->24-FEB-2011,
NGJ1,future_series,NG,J1,NATURAL GAS Apr1->NATURAL GAS APR1->NAT GAS APR11,1998-03-28,,2011-03-29,2011-04-02,28-MAR-2001->28-MAR-2011->29-MAR-2011,
NGK1,future_series,NG,K1,NATURAL GAS May1->NATURAL GAS MAY1->NAT GAS MAY11,1998-04-29,,2011-03-27,2011-04-30,26-APR-2001->26-APR-2011->27-APR-2011,
NGM1,future_series,NG,M1,NATURAL GAS Jun1->NATURAL GAS JUN1->NAT GAS JUN11,1998-05-28,,2011-05-26,2011-05-28,29-MAY-2001->27-MAY-2011->26-MAY-2011,
NGN1,future_series,NG,N1,NATURAL GAS Jul1->NATURAL GAS JUL1->NAT GAS JUL11,1998-06-27,,2011-06-28,2011-06-28,27-JUN-2001->28-JUN-2011,
NGQ1,future_series,NG,Q1,NATURAL GAS Aug1->NATURAL GAS AUG1->NAT GAS AUG11,1998-07-30,,2011-07-27,2011-07-27,27-JUL-2001->27-JUL-2011,
NGU1,future_series,NG,U1,NATURAL GAS Sep1->NATURAL GAS SEP1->NAT GAS SEP11,1998-08-28,,2011-08-29,2011-08-29,29-AUG-2001->29-AUG-2011,
NGV1,future_series,NG,V1,NATURAL GAS Oct1->NATURAL GAS OCT1->NAT GAS OCT11,1998-09-29,,2011-09-28,2011-09-28,26-SEP-2001->28-SEP-2011,
NGX1,future_series,NG,X1,NATURAL GAS Nov1->NATURAL GAS NOV1->NAT GAS NOV11,1998-10-29,,2011-10-27,2011-10-27,29-OCT-2001->27-OCT-2011,
NGZ1,future_series,NG,Z1,NATURAL GAS Dec1->NATURAL GAS DEC1->NAT GAS DEC11,1998-11-25,,2011-11-28,2011-11-28,28-NOV-2001->28-NOV-2011,
NIYH1,future_series,NIY,H1,YEN NIKKEI MAR1,2009-04-04,,2011-03-10,2011-03-12,10-MAR-2011,.N225
NIYM1,future_series,NIY,M1,YEN NIKKEI JUN1,2009-04-04,,2011-06-09,2011-06-25,09-JUN-2011,.N225
NIYU1,future_series,NIY,U1,YEN NIKKEI SEP1,2009-04-04,,2011-09-08,2011-09-08,08-SEP-2011,.N225
NIYZ1,future_series,NIY,Z1,YEN NIKKEI DEC1,2009-04-04,,2011-12-08,2011-12-08,08-DEC-2011,.N225
NKDH1,future_series,NKD,H1,NIK STK AV MAR1,2010-03-12,,2011-03-10,2011-03-12,10-MAR-2011,.N225
NKDM1,future_series,NKD,M1,NIK STK AV JUN1,2010-06-11,,2011-06-09,2011-06-25,09-JUN-2011,.N225
NKDU1,future_series,NKD,U1,NIK STK AV SEP1,2010-09-10,,2011-09-08,2011-09-08,08-SEP-2011,.N225
NKDZ1,future_series,NKD,Z1,NIK STK AV DEC1,2010-12-10,,2011-12-08,2011-12-08,08-DEC-2011,.N225
NQH1,future_series,NQ,H1,NASD E-MINI Mar1->NASD E-MINI MAR1->NAS EMIN MAR1,2000-03-18,,2011-03-18,2011-03-19,16-MAR-2001->18-MAR-2011->17-MAR-2011->18-MAR-2011,.NDX
NQM1,future_series,NQ,M1,NASD E-MINI Jun1->NASD E-MINI JUN1->NAS EMIN JUN1,2000-06-20,,2011-06-17,2011-06-25,15-JUN-2001->17-JUN-2011,.NDX
NQU1,future_series,NQ,U1,NASD E-MINI Sep1->NASD E-MINI SEP1->NAS EMIN SEP1,2000-09-16,,2011-09-16,2011-09-16,21-SEP-2001->16-SEP-2011,.NDX
NQZ1,future_series,NQ,Z1,NASD E-MINI Dec1->NAS EMIN DEC1,2000-12-15,,2011-12-16,2011-12-16,21-DEC-2001->16-DEC-2011,.NDX
OJF1,future_series,OJ,F1,FROZEN OJ Jan1->FCOJ-1 Jan1->ICE FCOJ-1 JAN1,1999-01-12,,2011-01-10,2011-01-15,13-JAN-2001->10-JAN-2001->10-JAN-2011,
OJH1,future_series,OJ,H1,FROZEN OJ Mar1->FCOJ-1 Mar1->ICE FCOJ-1 MAR1,1999-05-11,,2011-03-11,2011-03-12,10-MAR-2001->12-MAR-2001->10-MAR-2001->12-MAR-2001->11-MAR-2011,
OJK1,future_series,OJ,K1,FROZEN OJ May1->FCOJ-1 May1->ICE FCOJ-1 MAY1->ICE FCOJ-A MAY1,1999-07-10,,2011-05-10,2011-05-14,11-MAY-2001->10-MAY-2001->10-MAY-2011,
OJN1,future_series,OJ,N1,FROZEN OJ Jul1->FCOJ-1 Jul1->ICE FCOJ-1 JUL1->ICE FCOJ-A JUL1,1999-09-11,,2011-06-26,2011-06-27,11-JUL-2001->11-JUL-2011,
OJU1,future_series,OJ,U1,FCOJ-1 Sep1->ICE FCOJ-1 SEP1->ICE FCOJ-A SEP1,1999-11-10,,2011-09-12,2011-09-12,10-SEP-2001->12-SEP-2011,
OJX1,future_series,OJ,X1,FCOJ-1 Nov1->ICE FCOJ-1 NOV1->ICE FCOJ-A NOV1,2000-01-11,,2011-11-09,2011-11-09,09-NOV-2001->08-NOV-2001->09-NOV-2011,
RBF1,future_series,RB,F1,NY RBOB JAN1,2008-01-01,,2010-12-31,2010-12-31,31-DEC-2010->30-DEC-2010->31-DEC-2010->30-DEC-2010->31-DEC-2010,
RBG1,future_series,RB,G1,NY RBOB FEB1,2008-02-01,,2011-01-31,2011-02-05,31-JAN-2011,
RBH1,future_series,RB,H1,NY RBOB MAR1,2008-03-02,,2011-02-28,2011-03-05,28-FEB-2011,
RBJ1,future_series,RB,J1,NY RBOB APR1,2008-03-31,,2011-03-31,2011-04-02,31-MAR-2011,
RBK1,future_series,RB,K1,NY RBOB MAY1,2008-04-30,,2011-04-29,2011-05-02,29-APR-2011,
RBM1,future_series,RB,M1,NY RBOB JUN1,2008-05-31,,2011-05-31,2011-06-04,31-MAY-2011,
RBN1,future_series,RB,N1,NY RBOB JUL1,2008-06-30,,2011-06-30,2011-06-27,30-JUN-2011,
RBQ1,future_series,RB,Q1,NY RBOB AUG1,2008-07-31,,2011-07-29,2011-07-29,29-JUL-2011,
RBU1,future_series,RB,U1,NY RBOB SEP1,2008-08-30,,2011-08-31,2011-08-31,31-AUG-2011,
RBV1,future_series,RB,V1,NY RBOB OCT1,2008-09-30,,2011-09-30,2011-09-30,30-SEP-2011,
RBX1,future_series,RB,X1,NY RBOB NOV1,2008-11-01,,2011-10-31,2011-10-31,31-OCT-2011,
RBZ1,future_series,RB,Z1,NY RBOB DEC1,2008-11-29,,2011-11-30,2011-11-30,30-NOV-2011,
RSF1,future_series,RS,F1,CANOLA Jan1->ICE CANOLA JAN1,1999-11-20,,2011-01-14,2011-01-15,22-JAN-2001->14-JAN-2011,
RSH1,future_series,RS,H1,CANOLA Mar1->ICE CANOLA MAR1,2000-03-23,,2011-03-14,2011-03-19,21-MAR-2001->16-MAR-2001->21-MAR-2001->14-MAR-2011,
RSK1,future_series,RS,K1,CANOLA May1->ICE CANOLA MAY1,2000-05-20,,2011-05-13,2011-05-14,21-MAY-2001->22-MAY-2001->13-MAY-2011,
RSN1,future_series,RS,N1,CANOLA Jul1->ICE CANOLA JUL1,2000-07-21,,2011-07-14,2011-07-14,20-JUL-2001->14-JUL-2011,
RSX1,future_series,RS,X1,CANOLA Nov1->ICE CANOLA NOV1,2000-08-09,,2011-11-14,2011-11-14,20-NOV-2001->21-NOV-2001->14-NOV-2011->25-NOV-2011->14-NOV-2011,
SBH1,future_series,SB,H1,SUGAR 11 Mar1->ICE SUG11 MAR1,1999-02-27,,2011-02-28,2011-03-05,01-MAR-2001->28-FEB-2001->28-FEB-2011,
SBK1,future_series,SB,K1,SUGAR 11 May1->ICE SUG11 MAY1,1999-05-01,,2011-04-29,2011-04-30,30-APR-2001->29-APR-2011,
SBN1,future_series,SB,N1,SUGAR 11 Jul1->ICE SUG11 JUL1,1999-07-01,,2011-06-30,2011-06-27,29-JUN-2001->30-JUN-2011,
SBV1,future_series,SB,V1,SUGAR 11 Oct1->SUGAR 11 OCT1->SUGAR 11 Oct1->ICE SUG11 OCT1,1999-10-01,,2011-09-30,2011-09-30,28-SEP-2001->02-OCT-2001->28-SEP-2001->30-SEP-2011,
STXEH1,future_series,STXE,H1,EURO STXX50 MAR1->ESTX 50 MAR1,2000-06-16,,2011-03-18,2011-03-20,16-MAR-2001->18-MAR-2011,.STOXX50E
STXEM1,future_series,STXE,M1,EURO STXX50 JUN1->ESTX 50 JUN1,2000-09-14,,2011-06-17,2011-06-18,15-JUN-2001->17-JUN-2011,.STOXX50E
STXEU1,future_series,STXE,U1,EURO STXX50 SEP1->ESTX 50 SEP1,2000-12-15,,2011-09-16,2011-09-16,21-SEP-2001->16-SEP-2011,.STOXX50E
STXEZ1,future_series,STXE,Z1,EURO STXX50 DEC1->ESTX 50 DEC1,2001-03-16,,2011-12-16,2011-12-16,21-DEC-2001->16-DEC-2011,.STOXX50E
SXFH1,future_series,SXF,H1,S&P/CDA 60 Mar1->S&P/CDA 60 MAR1,2000-03-18,,2011-03-17,2011-03-19,21-MAR-2001->16-MAR-2001->17-MAR-2011,.SPTSE
SXFM1,future_series,SXF,M1,S&P/CDA 60 Jun1->S&P/CDA 60 JUN1,2000-06-17,,2011-06-16,2011-06-18,20-JUN-2001->15-JUN-2001->16-JUN-2011,.SPTSE
SXFU1,future_series,SXF,U1,S&P/CDA 60 Sep1->S&P/CDA 60 SEP1,2000-11-09,,2011-09-15,2011-09-15,19-SEP-2001->21-SEP-2001->19-SEP-2001->20-SEP-2001->15-SEP-2011,.SPTSE
SXFZ1,future_series,SXF,Z1,S&P/CDA 60 Dec1->S&P/CDA 60 DEC1,2000-12-16,,2011-12-15,2011-12-15,19-DEC-2001->20-DEC-2001->15-DEC-2011,.SPTSE
TFSH1,future_series,TFS,H1,ICE MiRU2K MAR1->MiRU2K MAR1,2010-03-20,,2011-03-18,2011-03-19,18-MAR-2011,.TOY
TFSM1,future_series,TFS,M1,ICE MiRU2K JUN1->MiRU2K JUN1,2010-06-18,,2011-06-17,2011-06-18,17-JUN-2011,.TOY
TFSU1,future_series,TFS,U1,MiRU2K SEP1,2010-09-17,,2011-09-16,2011-09-16,16-SEP-2011,.TOY
TFSZ1,future_series,TFS,Z1,MiRU2K DEC1,2010-12-17,,2011-12-16,2011-12-16,16-DEC-2011,.TOY
UROH1,future_series,URO,H1,EURO FX Mar1->EURO FX MAR1,1999-09-14,,2011-03-14,2011-03-19,19-MAR-2001->14-MAR-2011,EURUSDFIX=FBNY->EURFIX16=->EUR=
UROM1,future_series,URO,M1,EURO FX Jun1->EURO FX JUN1,1999-12-14,,2011-06-13,2011-06-25,18-JUN-2001->13-JUN-2011,EURUSDFIX=FBNY->EURFIX16=->EUR=
UROU1,future_series,URO,U1,EURO FX Sep1->EURO FX SEP1,2000-03-14,,2011-09-19,2011-09-19,17-SEP-2001->19-SEP-2001->17-SEP-2001->19-SEP-2011,EURFIX16=->EUR=
UROZ1,future_series,URO,Z1,EURO FX Dec1->EURO FX DEC1,2000-06-17,,2011-12-19,2011-12-19,17-DEC-2001->19-DEC-2001->17-DEC-2001->19-DEC-2011,EUR=
YMH1,future_series,YM,H1,DM FUTS Mar1->DJ MINI($5) MAR1,2000-03-14,,2011-03-18,2011-03-19,19-MAR-2001->18-MAR-2011,.DJI
YMM1,future_series,YM,M1,DM FUTS Jun1->DJ MINI($5) JUN1,2000-06-20,,2011-06-17,2011-06-18,18-JUN-2001->17-JUN-2011,.DJI
YMU1,future_series,YM,U1,DM FUTS Sep1->DJ MINI($5) SEP1,2000-09-19,,2011-09-16,2011-09-16,17-SEP-2001->19-SEP-2001->17-SEP-2001->16-SEP-2011,.DJI
YMZ1,future_series,YM,Z1,DM FUTS Dec1->DJ MINI($5) DEC1,2001-03-20,,2011-12-16,2011-12-16,17-DEC-2001->19-DEC-2001->17-DEC-2001->16-DEC-2011,.DJI
ZBH1,future_series,ZB,H1,PJA T BONDS Mar1->ace T BONDS Mar1->US T BONDS MAR1,1998-09-26,,2011-03-22,2011-03-26,21-MAR-2001->22-MAR-2011,
ZBM1,future_series,ZB,M1,PJA T BONDS Jun1->ace T BONDS Jun1->US T BONDS JUN1,1998-09-26,,2011-06-21,2011-06-25,20-JUN-2001->21-JUN-2011,
ZBU1,future_series,ZB,U1,PJA T BONDS Sep1->ace T BONDS Sep1->US T BONDS SEP1,1998-12-22,,2011-09-21,2011-09-21,19-SEP-2001->21-SEP-2011,
ZBZ1,future_series,ZB,Z1,PJA T BONDS Dec1->ace T BONDS Dec1->US T BONDS DEC1,1999-09-22,,2011-12-20,2011-12-20,19-DEC-2001->21-DEC-2011->20-DEC-2011,
ZCH1,future_series,ZC,H1,CORN Mar1->CORN MAR1,2000-08-25,,2011-03-14,2011-03-19,14-MAR-2001->14-MAR-2011,
ZCK1,future_series,ZC,K1,CORN May1->CORN MAY1,2000-08-25,,2011-05-13,2011-05-14,14-MAY-2001->13-MAY-2011,
ZCN1,future_series,ZC,N1,CORN Jul1->CORN JUL1,2000-08-25,,2011-07-14,2011-07-14,13-JUL-2001->14-JUL-2011,
ZCU1,future_series,ZC,U1,CORN Sep1->CORN SEP1,2000-08-25,,2011-09-14,2011-09-14,14-SEP-2001->14-SEP-2011,
ZCZ1,future_series,ZC,Z1,CORN Dec1->CORN DEC1,2000-08-25,,2011-12-14,2011-12-14,14-DEC-2001->14-DEC-2011,
ZFH1,future_series,ZF,H1,PJA 5YR NT Mar1->PJA 5YR TN Mar1->ace 5YR TN Mar1->5YR T NOTES MAR1,1999-12-22,,2011-03-31,2011-04-02,21-MAR-2001->31-MAR-2011,
ZFM1,future_series,ZF,M1,PJA 5YR NT Jun1->PJA 5YR TN Jun1->ace 5YR TN Jun1->5YR T NOTES JUN1,2000-03-23,,2011-06-30,2011-06-27,20-JUN-2001->21-JUN-2011->30-JUN-2011,
ZFU1,future_series,ZF,U1,PJA 5YR NT Sep1->PJA 5YR TN Sep1->ace 5YR TN Sep1->5YR T NOTES SEP1,2000-06-22,,2011-09-30,2011-09-30,19-SEP-2001->30-SEP-2011,
ZFZ1,future_series,ZF,Z1,ace 5YR TN Dec1->5YR T NOTES DEC1,2000-09-21,,2011-12-30,2011-12-30,19-DEC-2001->30-DEC-2011,
ZLF1,future_series,ZL,F1,SOYBEAN OIL Jan1->SOYBEAN OIL JAN1,2000-08-25,,2011-01-14,2011-01-22,12-JAN-2001->14-JAN-2011,
ZLH1,future_series,ZL,H1,SOYBEAN OIL Mar1->SOYBEAN OIL MAR1,2000-08-25,,2011-03-14,2011-03-19,14-MAR-2001->14-MAR-2011,
ZLK1,future_series,ZL,K1,SOYBEAN OIL May1->SOYBEAN OIL MAY1,2000-08-25,,2011-05-13,2011-05-14,14-MAY-2001->13-MAY-2011,
ZLN1,future_series,ZL,N1,SOYBEAN OIL Jul1->SOYBEAN OIL JUL1,2000-08-25,,2011-07-14,2011-07-14,13-JUL-2001->14-JUL-2011,
ZLQ1,future_series,ZL,Q1,SOYBEAN OIL Aug1->SOYBEAN OIL AUG1,2000-08-25,,2011-08-12,2011-08-12,13-AUG-2001->14-AUG-2001->12-AUG-2011,
ZLU1,future_series,ZL,U1,SOYBEAN OIL Sep1->SOYBEAN OIL SEP1,2000-08-25,,2011-09-14,2011-09-14,14-SEP-2001->14-SEP-2011,
ZLV1,future_series,ZL,V1,SOYBEAN OIL Oct1->SOYBEAN OIL OCT1,2000-08-25,,2011-10-14,2011-10-14,12-OCT-2001->14-OCT-2011,
ZLZ1,future_series,ZL,Z1,SOYBEAN OIL Dec1->SOYBEAN OIL DEC1,2000-08-25,,2011-12-14,2011-12-14,14-DEC-2001->14-DEC-2011,
ZMF1,future_series,ZM,F1,SOY MEAL Jan1->SOY MEAL JAN1,2000-08-25,,2011-01-14,2011-01-22,12-JAN-2001->14-JAN-2011,
ZMH1,future_series,ZM,H1,SOY MEAL Mar1->SOY MEAL MAR1,2000-08-25,,2011-03-14,2011-03-19,14-MAR-2001->14-MAR-2011,
ZMK1,future_series,ZM,K1,SOY MEAL May1->SOY MEAL MAY1,2000-08-25,,2011-05-13,2011-05-14,14-MAY-2001->13-MAY-2011,
ZMN1,future_series,ZM,N1,SOY MEAL Jul1->SOY MEAL JUL1,2000-08-25,,2011-07-14,2011-07-14,13-JUL-2001->14-JUL-2011,
ZMQ1,future_series,ZM,Q1,SOY MEAL Aug1->SOY MEAL AUG1,2000-08-25,,2011-08-12,2011-08-12,13-AUG-2001->14-AUG-2001->12-AUG-2011,
ZMU1,future_series,ZM,U1,SOY MEAL Sep1->SOY MEAL SEP1,2000-08-25,,2011-09-14,2011-09-14,14-SEP-2001->14-SEP-2011,
ZMV1,future_series,ZM,V1,SOY MEAL Oct1->SOY MEAL OCT1,2000-08-25,,2011-10-14,2011-10-14,12-OCT-2001->14-OCT-2011,
ZMZ1,future_series,ZM,Z1,SOY MEAL Dec1->SOY MEAL DEC1,2000-08-25,,2011-12-14,2011-12-14,14-DEC-2001->14-DEC-2011,
ZNH1,future_series,ZN,H1,PJA 10YR NT Mar1->PJA 10YR TN Mar1->ace 10YR TN Mar1->10YR TNotes MAR1,1999-12-22,,2011-03-22,2011-03-26,21-MAR-2001->22-MAR-2011,
ZNM1,future_series,ZN,M1,PJA 10YR NT Jun1->PJA 10YR TN Jun1->ace 10YR TN Jun1->10YR TNotes JUN1,2000-06-22,,2011-06-21,2011-06-25,20-JUN-2001->21-JUN-2011,
ZNU1,future_series,ZN,U1,ace 10YR TN Sep1->10YR TNotes SEP1,2000-09-21,,2011-09-21,2011-09-21,19-SEP-2001->21-SEP-2011,
ZNZ1,future_series,ZN,Z1,ace 10YR TN Dec1->10YR TNotes DEC1,2000-12-20,,2011-12-20,2011-12-20,19-DEC-2001->21-DEC-2011->20-DEC-2011,
ZSF1,future_series,ZS,F1,SOYBEANS Jan1->SOYBEANS JAN1,2000-08-25,,2011-01-14,2011-01-22,12-JAN-2001->14-JAN-2011,
ZSH1,future_series,ZS,H1,SOYBEANS Mar1->SOYBEANS MAR1,2000-08-25,,2011-03-14,2011-03-19,14-MAR-2001->14-MAR-2011,
ZSK1,future_series,ZS,K1,SOYBEANS May1->SOYBEANS MAY1,2000-08-25,,2011-05-13,2011-05-14,14-MAY-2001->13-MAY-2011,
ZSN1,future_series,ZS,N1,SOYBEANS Jul1->SOYBEANS JUL1,2000-08-25,,2011-07-14,2011-07-14,13-JUL-2001->14-JUL-2011,
ZSQ1,future_series,ZS,Q1,SOYBEANS Aug1->SOYBEANS AUG1,2000-08-25,,2011-08-12,2011-08-12,13-AUG-2001->14-AUG-2001->12-AUG-2011,
ZSU1,future_series,ZS,U1,SOYBEANS Sep1->SOYBEANS SEP1,2000-08-25,,2011-09-14,2011-09-14,14-SEP-2001->14-SEP-2011,
ZSX1,future_series,ZS,X1,SOYBEANS Nov1->SOYBEANS NOV1,2000-08-25,,2011-11-14,2011-11-14,14-NOV-2001->14-NOV-2011,
ZTH1,future_series,ZT,H1,PJA 2YR NT Mar1->ace 2YR NT Mar1->2YR T-NOTES MAR1,2000-01-01,,2011-03-31,2011-04-02,30-MAR-2001->31-MAR-2011,
ZTM1,future_series,ZT,M1,PJA 2YR NT Jun1->ace 2YR NT Jun1->2YR T-NOTES JUN1,2000-04-01,,2011-06-30,2011-06-27,29-JUN-2001->21-JUN-2011->30-JUN-2011,
ZTU1,future_series,ZT,U1,PJA 2YR NT Sep1->ace 2YR NT Sep1->ace 2YR NT SEP1->ace 2YR NT Sep1->2YR T-NOTES SEP1,2000-06-29,,2011-09-30,2011-09-30,28-SEP-2001->27-SEP-2001->28-SEP-2001->30-SEP-2011,
ZTZ1,future_series,ZT,Z1,ace 2YR NT Dec1->2YR T-NOTES DEC1,2000-09-30,,2011-12-30,2011-12-30,31-DEC-2001->30-DEC-2011,
ZWH1,future_series,ZW,H1,WHEAT Mar1->WHEAT MAR1,2000-08-25,,2011-03-14,2011-03-19,14-MAR-2001->14-MAR-2011,
ZWK1,future_series,ZW,K1,WHEAT May1->WHEAT MAY1,2000-08-25,,2011-05-13,2011-05-14,14-MAY-2001->13-MAY-2011,
ZWN1,future_series,ZW,N1,WHEAT Jul1->WHEAT JUL1,2000-08-25,,2011-07-14,2011-07-14,13-JUL-2001->14-JUL-2011,
ZWU1,future_series,ZW,U1,WHEAT Sep1->WHEAT SEP1,2000-08-25,,2011-09-14,2011-09-15,14-SEP-2001->14-SEP-2011,
ZWZ1,future_series,ZW,Z1,WHEAT Dec1->WHEAT DEC1,2000-08-25,,2011-12-14,2011-12-15,14-DEC-2001->14-DEC-2011,
